facility,id,lat,lon,year,month,cases,population,time
Aa-salam_Clinic,e1iVoquOKVT,-14.54537,35.19221,2025,1,122.0,29.321109771728516,2025-01
African_Bible_College_Community_Hospital,zYfP0gkHRJH,-13.96816,33.74129,2025,1,100.0,8.39369010925293,2025-01
Airwing_Dispensary,V7m6S5TIpqf,-13.96162,33.69679,2025,1,931.0,15.807074546813965,2025-01
Alinafe_Community_Hospital,Y46sxDDIkfz,-13.38789,34.24292,2025,1,564.0,25.45125961303711,2025-01
Alumenda_Clinic_(Illovo_Private),NG36oCEzUcC,-16.403325,34.885623,2025,1,3.0,40.11339569091797,2025-01
Amalika_Dispensary,lIGQGBEICWx,-15.99203,35.03183,2025,1,222.0,3.5432140827178955,2025-01
Anchor_Farm_Health_Centre,lXEN2NtidAc,-13.41428,33.390958,2025,1,806.0,8.564252853393555,2025-01
Area_18_Urban_Health_Centre,h2ls2FUTYDc,-13.94131,33.78051,2025,1,1217.0,46.98563766479492,2025-01
Area_25_Urban_Health_Centre,mFfOvxjq4y2,-13.89272,33.77465,2025,1,3626.0,18.668472290039062,2025-01
Area_30_Police_Clinic,LAO8ozAkDKO,-13.9279,33.78419,2025,1,568.0,5.991424083709717,2025-01
Asamala_Health_Services_,sXNwy8bRFub,-13.94454,33.77083,2025,1,38.0,24.746606826782227,2025-01
Atupele_Community_Hospital,WZ18joAt6xW,-9.73682,33.83744,2025,1,796.0,14.125017166137695,2025-01
Balaka_District_Hospital,R96XZz9y9Ji,-14.98498,34.94959,2025,1,1655.0,64.32628631591797,2025-01
Bangwe_Health_Centre,Z4phqEA2Pcr,-15.823832,35.080477,2025,1,155.0,68.30626678466797,2025-01
Bema_Dispensary,XWADuecGXN4,-14.15069,34.31881,2025,1,2898.0,34.301856994628906,2025-01
Bembeke_Health_Centre,spQpsut9f1B,-14.35825,34.42432,2025,1,80.0,28.435047149658203,2025-01
Benga_Health_Centre,n6UZ8o9yo6L,-13.36846,34.27404,2025,1,760.0,16.665878295898438,2025-01
Bereu_Dispensary,FO0kNPmm5E9,-16.15199,34.85376,2025,1,129.0,54.74983215332031,2025-01
Bilal_Dispensary,KxcbdpaFBia,-15.74149,35.13047,2025,1,32.0,22.60575294494629,2025-01
Bilira_Health_Centre,pPHM09AVDAS,-14.82489,34.85134,2025,1,987.0,17.62773323059082,2025-01
Billy_Riordan_Memorial_Health_Clinic,qQOkofJwpxB,-14.03205,34.84044,2025,1,16.0,13.593173027038574,2025-01
Bimbi_Health_Centre,gS8A33Rsqjr,-15.30876,35.4794,2025,1,784.0,42.37887954711914,2025-01
Biriwiri_Health_Centre,K9CYAs4mo5E,-14.817,34.638306,2025,1,491.0,38.837623596191406,2025-01
Blantyre_Adventist_Hospital,VOnPaWYUVJK,-15.782349,35.003089,2025,1,14.0,143.37892150878906,2025-01
Blantyre_City_Assembly_Clinic_,kAU4FFex0Pa,-15.80333,35.03895,2025,1,0.0,5.276463985443115,2025-01
Blessings_Hospital_,Y8mjMFSYoPw,-13.79099,33.81707,2025,1,235.0,17.707542419433594,2025-01
Bolero_Rural_Hospital,Oc3g2Wv2s5M,-10.97843,33.74342,2025,1,957.0,48.67569351196289,2025-01
Bondo_Health_Centre,XUpPIr0oxZ5,-16.04267,35.61388,2025,1,1680.0,31.575761795043945,2025-01
Bowe_Health_Centre,glIscvEdIJz,-13.27878,33.68392,2025,1,3361.0,20.576448440551758,2025-01
Bua_Health_Center_(Nkhotakota),BQ3aLnP32uB,-12.7967,34.20971,2025,1,736.0,11.789530754089355,2025-01
Bua_Health_Centre_(Kasungu),T118NxiYoIL,-13.29403,33.53859,2025,1,1284.0,30.206228256225586,2025-01
Bula_Health_Centre,H8jU8sCWscO,-11.22268,34.12324,2025,1,890.0,10.780394554138184,2025-01
Bulala_Health_Centre,hDkZbRiskMg,-11.6781,33.44798,2025,1,2615.0,14.485148429870605,2025-01
Bunda_Clinic,sTbvB4c8oX1,-14.18038,33.77554,2025,1,142.0,30.628923416137695,2025-01
Bvumbwe_Health_Centre,c2h7xIrYLsw,-15.92823,35.07786,2025,1,351.0,34.283687591552734,2025-01
Bwaila_Hospital,XtF7Xzv3edv,-13.99164,33.77561,2025,1,1495.0,15.303794860839844,2025-01
Bwanje_Health_Centre,LqUvHvI2ifc,-14.64857,34.77445,2025,1,822.0,28.531574249267578,2025-01
Bwengu_Health_Centre,jn7xfbY43dS,-11.06356,33.91646,2025,1,573.0,16.94719123840332,2025-01
Cape_Maclear_Dispensary,fQkT0hCVsMg,-14.0259407,34.8521397,2025,1,44.0,2.0621590614318848,2025-01
Chabvala_Health_Centre,grfnmKmWiJ9,-15.833894,34.834342,2025,1,2595.0,23.39356231689453,2025-01
Chadza_Health_Centre,cnyjtiMcC1D,-14.14715,33.84167,2025,1,2960.0,32.44536209106445,2025-01
Chagunda_Health_Centre,fe9EboFXU0V,-13.88028,34.36721,2025,1,914.0,19.377750396728516,2025-01
Chakhaza_Health_Centre,SL1ePpPFaki,-13.44421,33.64676,2025,1,2435.0,11.5785493850708,2025-01
Chamama_Health_Centre,LmCUb5UShy6,-12.924306,33.776861,2025,1,2070.0,12.503868103027344,2025-01
Chamba_Health_Centre_(Machinga),lNsSSuNKbIP,-15.20234,35.42137,2025,1,1358.0,26.692943572998047,2025-01
Chamba_Health_Centre_(Zomba),T9SOI57r1OF,-15.46571,35.51662,2025,1,843.0,16.45098304748535,2025-01
Chambe_Health_Centre,Ln1grpEjzuK,-15.90334,35.49075,2025,1,1887.0,24.539979934692383,2025-01
Chambo_Health_Centre,h9csPxuoZUo,-9.94361,33.39795,2025,1,1241.0,8.552289009094238,2025-01
Chambwe_Health_Centre,Dl6P4C549hR,-13.19416667,33.65666667,2025,1,1146.0,10.460676193237305,2025-01
Champiti_Health_Centre,l86AxfTg26J,-14.90241,34.73185,2025,1,2023.0,17.03049087524414,2025-01
Chamwabvi_Dispensary,nN7JVSObAf7,-13.195087,33.655657,2025,1,2487.0,5.824779033660889,2025-01
Chancellor_College_Clinic_,xt7sSjNqHjP,-15.38533,35.33213,2025,1,6.0,15.722760200500488,2025-01
Chandawe_Health_Centre,E7R08ZbjeAt,-13.228351,33.882811,2025,1,1731.0,2.5928120613098145,2025-01
Chang'ambika_Health_Centre,Ca0b3h49Loo,-15.80301,34.30928,2025,1,1349.0,12.00304889678955,2025-01
Changalume_Barracks_Clinic_(Muluzi),lOis6dAt7D0,-15.3896,35.21184,2025,1,4267.0,12.66209602355957,2025-01
Changata_Health_Centre,SnNGsSfYB0h,-16.23248,35.14768,2025,1,882.0,11.940177917480469,2025-01
Chankhungu_Health_Centre,cZkBc7Ri1HF,-13.76492,34.01471,2025,1,2678.0,44.525394439697266,2025-01
Chaone_Health_Centre,AalwV4ZrGDO,-15.125573,35.424026,2025,1,100.0,16.191442489624023,2025-01
Chapananga_Health_Centre,T3V75V8sfxa,-16.00551,34.48567,2025,1,634.0,24.72361946105957,2025-01
Chasolo_Dispensary,eqOmVn7lock,-13.050903,33.900006,2025,1,1122.0,6.444914817810059,2025-01
Chesamu_Health_Centre,zxDIIqsUrk8,-11.85422,34.01836,2025,1,708.0,2.1710751056671143,2025-01
Chezi_Health_Center_,salIVfMt9RA,-13.72553,34.03739,2025,1,1348.0,69.35208892822266,2025-01
Chichiri_Escom_Clinic,uMLl8OkWfHS,-15.79342,35.02444,2025,1,0.0,12.400374412536621,2025-01
Chichiri_Prison_Clinic,UkdRIbdSZw5,-15.80577,35.03242,2025,1,0.0,20.244121551513672,2025-01
Chididi_Health_Centre_(Nkhotakota),RViCF6QIybs,-13.08573,34.31474,2025,1,106.0,17.138391494750977,2025-01
Chididi_Health_Centre_(Nsanje),WG3SI4hkJFF,-16.91495,35.17333,2025,1,202.0,21.902589797973633,2025-01
Chifunga_Health_Centre,pciHYsH4glX,-15.59825,34.69892,2025,1,711.0,25.023195266723633,2025-01
Chigodi_Health_Centre,ShsLuR0OWt2,-14.49194,34.54126,2025,1,370.0,16.90082550048828,2025-01
Chikande_Health_Centre,fmvjc3pgmee,-14.77261,34.90768,2025,1,633.0,9.156451225280762,2025-01
Chikangawa_Health_Centre,eEEYKm78UBf,-11.84362,33.78759,2025,1,386.0,1.0,2025-01
Chikole_Health_Centre,KjntOeutm1x,-14.422,35.38427,2025,1,401.0,32.28145980834961,2025-01
Chikowa_Dispensary,fwew5LFgo0P,-14.959101,34.720365,2025,1,1527.0,17.115816116333008,2025-01
Chikowa_Health_Centre_(Blantyre),Keuq4t91SIs,-15.67133,34.87172,2025,1,2596.0,15.694975852966309,2025-01
Chikowa_Health_Centre_(Lilongwe),TJjz5jiFlqF,-13.72929,33.45821,2025,1,3714.0,23.036481857299805,2025-01
Chikuse_Health_Centre,Y4kaJs4jbod,-14.15069,34.31881,2025,1,588.0,34.301856994628906,2025-01
Chikwawa_District_Hospital,JQw6oDs7C6C,-16.0231,34.79346,2025,1,573.0,22.795495986938477,2025-01
Chikweo_Health_Centre,teLlh1E6CxB,-14.7655,35.66691,2025,1,1351.0,44.99542236328125,2025-01
Chikwina_Health_Centre,QlnCjd3M0E1,-11.39694,34.16973,2025,1,1262.0,10.033883094787598,2025-01
Chilambwe_Health_Centre,bNcnSc6bFll,-11.69114,34.31617,2025,1,348.0,15.23132610321045,2025-01
Chilanga_Health_Centre,Q6dBdTXnxWu,-13.1026,33.48681,2025,1,1558.0,8.581787109375,2025-01
Chilaweni_Health_Centre,WehVfN1t0Aa,-15.703095,35.044502,2025,1,480.0,13.391192436218262,2025-01
Child_Legacy_Health_Centre_(Lilongwe),cPOF4KdmFAR,-14.0685264,33.472115,2025,1,515.0,20.0511474609375,2025-01
Chileka_Health_Centre,OXaQtzbzMoy,-15.682466,34.970663,2025,1,1689.0,36.6109619140625,2025-01
Chileka_Health_Centre_(Lilongwe),iiBtWzxLMUo,-14.02102,33.38544,2025,1,4995.0,41.66316223144531,2025-01
Chileka_Sda_Health_Centre,v0GaaWRKm61,-15.660077,34.929188,2025,1,146.0,8.968215942382812,2025-01
Chilengo_Dispensary,WwPvmR6RGUw,-16.136105,35.015899,2025,1,11.0,11.845843315124512,2025-01
Chilipa_Health_Centre_(Mangochi),fwUSM7rJllv,-14.6996,34.9732,2025,1,1157.0,13.133855819702148,2025-01
Chilipa_Health_Centre_(Zomba),biJPVK5IRJn,-15.32447,35.11715,2025,1,732.0,25.019790649414062,2025-01
Chilobwe_Majiga_Health_Centre,Xx5fmiIR0fW,-13.85467,33.37439,2025,1,4405.0,31.686527252197266,2025-01
Chilomoni_Health_Centre,DAueKP2YUvT,-15.771294,34.98148,2025,1,210.0,92.29385375976562,2025-01
Chilonga_Health_Centre,Px30WvhGQQf,-14.46684,34.87097,2025,1,248.0,11.225868225097656,2025-01
Chilumba_Barracks_Health_Centre,Z6krawIPDu7,-10.39021,34.20897,2025,1,423.0,5.75182580947876,2025-01
Chilumba_Rural_Hospital,uHPXBdcz85N,-10.43199,34.25193,2025,1,1414.0,34.40768051147461,2025-01
Chima_Dispensary,zrabwOPiaCV,-12.085324,34.734633,2025,1,32.0,7.054687976837158,2025-01
Chimaliro_Health_Centre,WraUiby57xZ,-15.97706,35.18162,2025,1,273.0,27.00144386291504,2025-01
Chimatiro_Health_Centre,Qt4jxB7puZZ,-14.962681,35.023092,2025,1,659.0,13.27724838256836,2025-01
Chimbalanga_Health_Centre,JCrM0zdamqT,-13.9358,34.12567,2025,1,1927.0,22.385995864868164,2025-01
Chimembe_Health_Centre,ZaZEarjsHQX,-15.777547,34.885395,2025,1,2307.0,4.266791820526123,2025-01
Chimoto_Health_Centre,VbO2d6WVW6Q,-14.44268,34.01021,2025,1,1695.0,29.467880249023438,2025-01
Chimvu_Health_Centre,G5HX22BSHz2,-15.94198,35.12308,2025,1,84.0,16.280372619628906,2025-01
Chimwala_Dispensary,REoFvVbcLG0,-14.05121,33.79419,2025,1,144.0,38.022220611572266,2025-01
Chimwamkango_Dispensary,ZOUGIF58iaF,-13.40461,32.99357,2025,1,732.0,11.34798812866211,2025-01
Chimwawa_Health_C,IeJAi0sDcso,-15.909166,35.258729,2025,1,25.0,25.808876037597656,2025-01
Chingale_Health_Centre,o0hXXoxJnMI,-15.39694,35.1808,2025,1,2235.0,23.881534576416016,2025-01
Chingazi_Rural_Hospital,mTERmNgVCmE,-15.91842,35.20595,2025,1,61.0,24.955034255981445,2025-01
Chinguluwe_Health_Centre_(Ntchisi),Pl1TeNOgCAr,-13.26166,33.86851,2025,1,2807.0,13.62963581085205,2025-01
Chinguluwe_Health_Centre_(Salima),EiQqa3YIjqD,-13.66454,34.38503,2025,1,1180.0,9.044049263000488,2025-01
Chinkhande_Health_Centre,bRJ30NqgRUt,-13.466516,33.973818,2025,1,777.0,1.0,2025-01
Chinkhwiri_Health_Centre,RTw32nxbRoB,-13.38557,33.72106,2025,1,1543.0,21.948389053344727,2025-01
Chinthebe_Dispensary,P4Z5FpCJ4Ri,-16.00218,35.01294,2025,1,45.0,5.0628581047058105,2025-01
Chintheche_Rural_Hospital,jkmHTPe5MLQ,-11.82719,34.16836,2025,1,1521.0,29.33240509033203,2025-01
Chinthembwe_Health_Centre,QZm8o1i8tW4,-13.43326,33.97527,2025,1,624.0,16.953840255737305,2025-01
Chinyama_Dispensary,dCOqnRxMAXD,-12.978284,33.8058694,2025,1,1277.0,0.0029539999086409807,2025-01
Chinyama_Health_Centre,TxWRIMbBOpS,-16.15665,35.34094,2025,1,2634.0,27.14096450805664,2025-01
Chiole_Dispensary,jnrlLIULfCR,-14.79743,34.64265,2025,1,39.0,2.9569079875946045,2025-01
Chioshya_Health_Centre,RNuiMEnAfC1,-13.795993,33.175152,2025,1,3057.0,70.38059997558594,2025-01
Chipande_Health_Centre,PD8A1WLrQdo,-15.66774,35.09414,2025,1,0.0,6.3122429847717285,2025-01
Chipho_Health_Centre,xJQqTtpdsHP,-16.171528,35.110222,2025,1,569.0,43.34203338623047,2025-01
Chipini_Health_Centre,imXmafCgb5n,-15.39007,35.09531,2025,1,99.0,25.066139221191406,2025-01
Chipoka_Health_Centre,wrDImy8FHpR,-13.98973,34.51545,2025,1,2589.0,26.748064041137695,2025-01
Chiponde_Dispensary_(Mangochi),VphQvehsaVR,-14.37341,35.6017,2025,1,369.0,49.14609146118164,2025-01
Chipumi_Health_Centre,eNs19G9xMyc,-13.625294,33.081532,2025,1,2925.0,50.333709716796875,2025-01
Chipwaila_Health_Centre,pkMXL4XF9ie,-16.39842,34.77572,2025,1,1239.0,23.858978271484375,2025-01
Chipwanya_St_Josephs_Health_Centre,WiVCsIgUw2D,-14.07547,34.2536,2025,1,674.0,1.0,2025-01
Chiradzulu_District_Hospital,lsrGqZfICKm,-15.71072,35.17419,2025,1,2624.0,44.36787414550781,2025-01
Chirimba_Health_Centre,tDldFfYwnS1,-15.746368,35.022984,2025,1,233.0,105.16148376464844,2025-01
Chiringa_Health_Centre_(CHAM),pmteRCqzbeC,-15.76583,35.76216,2025,1,81.0,34.13587188720703,2025-01
Chiringa_Maternity,sqMFC2sNuGZ,-15.77213,35.76965,2025,1,23.0,53.50382995605469,2025-01
Chisala_Health_Centre,QX85XzKEJjg,-11.57458,34.12201,2025,1,798.0,14.061241149902344,2025-01
Chisamba_Health_Centre,u4rZsnqp9bD,-13.784275,34.400132,2025,1,599.0,16.577348709106445,2025-01
Chisansu_Health_Centre,u57H3XRjoRa,-9.730938,33.454279,2025,1,321.0,4.298891067504883,2025-01
Chisepo_Health_Centre,pw9cneMv5fA,-13.63492,33.47017,2025,1,3002.0,28.956268310546875,2025-01
Chisi_Health_Centre,rtb22Ro8Gez,-15.32562,35.60506,2025,1,1392.0,13.99096965789795,2025-01
Chisimuka_Health_Centre,AMklHWTt6sX,-10.76924,33.55751,2025,1,686.0,5.4286041259765625,2025-01
Chisitu_Health_Centre,PWPeexIOdmn,-16.00103,35.4326,2025,1,365.0,46.06422424316406,2025-01
Chisoka_Health_Centre,T3MNLfsBtT4,-15.94181,35.20879,2025,1,438.0,16.794231414794922,2025-01
Chitala_Health_Centre,d92FGpiO9lP,-13.67161,34.27174,2025,1,164.0,33.522281646728516,2025-01
Chitedze_Health_Centre,Xc3odqjv7h0,-13.97684,33.64529,2025,1,1548.0,17.008939743041992,2025-01
Chitekesa_Health_Centre,u4mqH5iShLL,-15.55218,35.57244,2025,1,312.0,20.807018280029297,2025-01
Chitera_Health_Centre,mxsHHN4zZft,-15.60646,35.12306,2025,1,1209.0,18.468368530273438,2025-01
Chitheka_Health_Centre,Sf6KvkaT3UQ,-11.70191,33.95147,2025,1,662.0,6.620019912719727,2025-01
Chithumba_Health_Centre,KkApQFpVIaQ,-15.80369,34.47629,2025,1,740.0,12.967487335205078,2025-01
Chitimba_Health_Centre,rdHVTY312fc,-10.59808,34.17026,2025,1,708.0,19.021150588989258,2025-01
Chitipa_District_Hospital,qzGX4XdWufs,-9.70159,33.2659,2025,1,2291.0,46.937583923339844,2025-01
Chitowo_Health_Centre,b3OduOhZKuu,-14.22584,34.03961,2025,1,2298.0,8.55089282989502,2025-01
Chiumbangame_Dispensary,ybAxvKHkzhK,-14.31739,35.55721,2025,1,295.0,14.353053092956543,2025-01
Chiunda_Dispensary,y87TEluIKWT,-14.77744,35.43901,2025,1,380.0,33.11558532714844,2025-01
Chiunjiza_Health_Centre,HTfgCPyMHUx,-14.24322,33.4013,2025,1,3340.0,1.0,2025-01
Chiwamba_Health_Centre,RDvTBoMA8m4,-13.8571,33.92926,2025,1,4301.0,22.4219970703125,2025-01
Chiwe_Health_Centre,vCGIve5RtyE,-13.90738,33.39862,2025,1,341.0,23.064884185791016,2025-01
Chiwoza_Health_Centre,ivq1pAeZs5o,-14.08602,33.686271,2025,1,2664.0,1.0,2025-01
Chiyendausiku_Health_Centre,HrQHweMv09u,-15.01855,35.07653,2025,1,428.0,9.755135536193848,2025-01
Chizolowondo_Health_Centre,e1HOrMxNhpf,-13.46336,33.51328,2025,1,984.0,6.730494022369385,2025-01
Chizumulo_St_Marys_Health_Centre,XXjX57Xslam,-12.02934,34.62425,2025,1,61.0,16.801456451416016,2025-01
Choma_Health_Centre,cIJ6LCvgpw0,-11.31318,33.99327,2025,1,1681.0,1.4524619579315186,2025-01
Chombe_Dispensary,jEytE0lhKjS,-11.648044,34.213834,2025,1,1029.0,16.313438415527344,2025-01
Chonde_Rural_Hospital,TusMbw27jzb,-15.99708,35.32333,2025,1,767.0,51.87003707885742,2025-01
Chongoni_Health_Centre,LkjXIWw5W9v,-14.31971,34.26677,2025,1,139.0,8.195723533630371,2025-01
Chulu_Health_Centre,n18VsHigwU8,-12.82192,33.30816,2025,1,4750.0,22.99799346923828,2025-01
Chuluchosema_Health_Centre,dXMVNUTar8Q,-15.4429457,35.3669177,2025,1,380.0,7.0930609703063965,2025-01
City_Clinic_Zomba,DMxPrQcg4z4,-15.39072,35.32416,2025,1,471.0,22.53976821899414,2025-01
Cobbe_Barracks_Hospital,rzzi29nBvbs,-15.39094,35.30534,2025,1,1116.0,34.97773742675781,2025-01
Comfort_Health_Centre,JaTdpYBBV5m,-15.00318,34.95244,2025,1,375.0,40.202980041503906,2025-01
Daeyang_Luke_Hospital,LKsJWFXsxOB,-13.87684,33.80867,2025,1,491.0,16.34092903137207,2025-01
David_Gordon_Memorial_Hospital_(Livingstonia_Mission_Hospital),FoWBNiRRWnB,-10.60467,34.1109,2025,1,1145.0,20.788026809692383,2025-01
Dedza_District_Hospital,K5sEB29YW3W,-14.38596,34.33547,2025,1,738.0,30.30810546875,2025-01
Diamphwe_Health_Centre,BWBOtEvaMkr,-14.13232,34.08124,2025,1,2628.0,34.02665328979492,2025-01
Dickson_Health_Centre,aKJzwDfSJqM,-14.26626,33.65885,2025,1,2306.0,51.16033935546875,2025-01
Didi_Health_Centre,AkP3EOq0hGk,-16.06096,34.98999,2025,1,638.0,38.12614440917969,2025-01
Dolo_Health_Centre,SOwb9qUKJnt,-16.55349,34.92423,2025,1,83.0,10.888106346130371,2025-01
Domasi_Rural_Hospital,U0YwDhBOZeY,-15.28099,35.39935,2025,1,2835.0,16.816486358642578,2025-01
Doviko_Dispensary,kG4jZtoHH8f,-15.0822,34.59094,2025,1,286.0,43.298702239990234,2025-01
Dowa_District_Hospital,F4aQvPL4c5a,-13.65432,33.93625,2025,1,4297.0,49.26274490356445,2025-01
Dr_David_Livingstone_Memorial_Clinic,KvtV3ZtJGyR,-13.98173,33.78813,2025,1,2.0,9.856217384338379,2025-01
Dwambazi_Rural_Hospital,GFQSwXAzql8,-12.23405,33.99194,2025,1,1239.0,17.924970626831055,2025-01
Dwangwa_Cane_Growers_Limited_Dispensary,w6VRxc89b5K,-12.52114,34.1191,2025,1,415.0,29.200223922729492,2025-01
Dwangwa_Health_Centre,n89uKexauZq,-12.88142,33.4537,2025,1,1601.0,11.320052146911621,2025-01
Dzaleka_Refugee_Camp_Health_Centre,b1RogeavIPD,-13.66168,33.87042,2025,1,3114.0,77.72160339355469,2025-01
Dzenje_Health_Centre,nMp06ehwoOX,-16.11695,35.40558,2025,1,1629.0,22.129486083984375,2025-01
Dzenza_Health_Centre,hpUbeZgjQkx,-13.87598,33.74689,2025,1,52.0,26.380125045776367,2025-01
Dzimbiri_Dispensary,phlM33pe5Bz,-16.102022,34.99722,2025,1,0.0,33.73177719116211,2025-01
Dzindevu_Health_Centre,QL1C4nvZVLn,-14.20004,34.35998,2025,1,265.0,31.415328979492188,2025-01
Dziwe_Health_Centre,axZoBBHwZo2,-15.102454,35.140784,2025,1,249.0,15.689356803894043,2025-01
Dziwe_Health_Centre_(Blantyre),hnbxxugq3Ds,-15.563612,34.88037,2025,1,3390.0,17.760324478149414,2025-01
Dzonzi-Mvai_Health_Centre,fH7hgQtTEvy,-14.94827,34.64306,2025,1,5.0,5.07317590713501,2025-01
Dzoole_Health_Centre,lykzV97DJgq,-13.58537,33.66156,2025,1,2793.0,40.79193878173828,2025-01
Dzunje_Dispensary,mxlb6XxX6cp,-14.80787,34.73608,2025,1,1545.0,13.05192756652832,2025-01
Edingeni_Rural_Hospital,gWTmNAQxkV8,-12.04072,33.31295,2025,1,1716.0,21.051149368286133,2025-01
Ehehleni_Dispensary,RdbkvuyiIKf,-12.2621,33.58912,2025,1,1681.0,4.0778069496154785,2025-01
Ekwaiweni_Health_Centre,AlGl0pjBwFS,-11.42309,33.89766,2025,1,1178.0,5.543348789215088,2025-01
Ekwendeni_College_of_Health_Science,RddujnZHyfx,-11.374623,33.8786,2025,1,13.0,21.81817626953125,2025-01
Ekwendeni_Mission_Hospital,jcv5nI6bzTq,-11.37156,33.88342,2025,1,640.0,48.53042221069336,2025-01
Embangweni_Mission_Hospital,ySElKKfe6yc,-12.13665,33.47681,2025,1,615.0,20.165283203125,2025-01
Emfeni_Health_Centre,ihG7TCzUsYI,-12.59406,33.60976,2025,1,2840.0,6.6549859046936035,2025-01
Emsizini_Health_Centre,HFKrnnX40ZR,-11.44435,33.82485,2025,1,1609.0,8.26175308227539,2025-01
Endindeni_Health_Centre,J3iNTezM5iw,-11.75818,33.5561,2025,1,932.0,11.35897445678711,2025-01
Engalaweni_Health_Centre,zgUEtAzpJLy,-11.908296,33.365893,2025,1,102.0,4.776753902435303,2025-01
Engucwini_Health_Centre,Tt5yMX4YCYJ,-11.19761,33.82314,2025,1,1044.0,9.927796363830566,2025-01
Enukweni_Health_Centre,nmptn9bUYXv,-11.18005,33.88592,2025,1,1245.0,11.910740852355957,2025-01
Enukweni_Mission_Health_Centre,OvpduRMmYdH,-11.18005,33.88592,2025,1,231.0,11.910740852355957,2025-01
Euthini_Rural_Hospital,a7zgH8mf2GX,-11.45836,33.41925,2025,1,2096.0,12.877968788146973,2025-01
Eva_Demaya_Centre_,crKYTgv7r7B,-10.96002,33.64862,2025,1,83.0,13.780793190002441,2025-01
Factory_Clinic_(Illovo_Private),qhmT1RSZunv,-16.25773,34.89181,2025,1,11.0,17.95856475830078,2025-01
Fanuel_Dispensary,faV6jPVs9bj,-13.504399,33.036243,2025,1,1382.0,8.29226303100586,2025-01
Fpam_Clinic_Kawale,xH7lnew9T1J,-13.99076,33.79949,2025,1,7.0,115.09915161132812,2025-01
Fulirwa_Health_Centre,UNLZJ1Nr3sq,-10.44772,34.11211,2025,1,414.0,13.747477531433105,2025-01
Gaga_Health_Centre,ilA4dQOCNDP,-15.80678,34.36487,2025,1,1198.0,21.056493759155273,2025-01
Ganya_Health_Centre,eWHvY4VmR4R,-14.60964,34.61808,2025,1,39.0,29.762069702148438,2025-01
Gate_way_Clinic,rBhHYqxxhyM,-15.804572,35.017828,2025,1,178.0,17.01842498779297,2025-01
Gawanani_Health_Centre,GEb1hObhM4q,-15.2238,35.20293,2025,1,540.0,14.150309562683105,2025-01
Gogo_Nazombe_health_centre,cTMzhKP8OCf,-15.75233,35.77498,2025,1,775.0,0.2651920020580292,2025-01
Gogode_Health_Centre,HcsIEmls8R2,-12.88773,33.56134,2025,1,1504.0,8.199214935302734,2025-01
Gola_Dispensary,u4cfHib3TrT,-15.88397,34.29931,2025,1,658.0,4.67257022857666,2025-01
Golomoti_Health_Centre,DuvCctg3dhx,-14.41303,34.60092,2025,1,1499.0,65.82313537597656,2025-01
Gombe_Health_Center,fCCBqUju3Q4,-16.38347,35.23061,2025,1,1189.0,2.792876958847046,2025-01
Gowa_Health_Centre,LDtggHdyRks,-14.69897,34.58992,2025,1,1037.0,18.474061965942383,2025-01
Grace_Health_Centre,v1vDgkOvZ0w,-13.762986,34.208915,2025,1,577.0,8.975107192993164,2025-01
Guilleme_St_Michaels_Mission_Hospital,oT0jXXNSmag,-13.88998,33.07557,2025,1,737.0,56.081172943115234,2025-01
Gumba_Dispensary,qUpaRCpnoux,-13.42125,33.11137,2025,1,1513.0,10.914649963378906,2025-01
H_Parker_Sharp_Health_Centre,KhuXq8PnptT,-15.29912,35.36092,2025,1,479.0,8.973302841186523,2025-01
Hallena_Oakely_Health_Centre,v6gj70cBiQE,-16.12668,35.08457,2025,1,121.0,11.20438003540039,2025-01
Hara_Dispensary,T13U7sHC0v2,-10.48876,34.16939,2025,1,436.0,10.293742179870605,2025-01
Hoho_Health_Centre,ypiAvIrP9U6,-12.27815,33.6864,2025,1,1931.0,7.497035980224609,2025-01
Hope_Clinic,SPMuhBNeqHY,-13.76214,34.42199,2025,1,333.0,18.508289337158203,2025-01
Hora_Health_Centre,GCeBJJyoRl0,-11.645009,33.651632,2025,1,508.0,2.1922850608825684,2025-01
Iba_Dispensary,FZw4GOFV5X0,-14.30711,35.39707,2025,1,474.0,31.974464416503906,2025-01
Ifumbo_Health_Centre,LLnCuwo5RNG,-9.60436,33.40495,2025,1,51.0,9.837682723999023,2025-01
Iponga_Health_Centre,tyuN9XbfRHQ,-9.64605,33.81253,2025,1,1509.0,13.415722846984863,2025-01
Jalasi_Health_Centre,s935PXX4rN2,-14.36298,35.44253,2025,1,1115.0,40.732208251953125,2025-01
Jalawe_Health_Centre,rWDOWogc1O7,-10.73052,34.16172,2025,1,1874.0,13.310429573059082,2025-01
Jenda_Health_Centre,Mf6Xg1PJ7hC,-12.35206,33.54755,2025,1,3200.0,24.20929527282715,2025-01
Kabudula_Rural_Hospital,O6y74hiWU9z,-13.81972,33.44838,2025,1,6115.0,85.56449127197266,2025-01
Kabuwa_Health_Centre,ZDj4Y2Flile,-12.51726,34.07395,2025,1,1012.0,5.139504909515381,2025-01
Kabwafu_Health_Centre,sZJvRZgWusR,-11.30869,33.52556,2025,1,1098.0,5.226494789123535,2025-01
Kachere_Clinic,YdzniMkRxYE,-14.005039,33.817265,2025,1,189.0,120.28397369384766,2025-01
Kachere_Health_Centre,veqbrdZo1K1,-12.00327,34.04961,2025,1,628.0,9.422574996948242,2025-01
Kadango_Dispensary,IRP5VaILlSr,-14.06223,35.18629,2025,1,269.0,30.028711318969727,2025-01
Kadidi_Health_Centre,cLY2A4m8Jn0,-15.66083,35.02212,2025,1,1579.0,24.30253791809082,2025-01
Kafele_Health_Centre,LGvOkReAslr,-14.43168,33.71746,2025,1,2319.0,23.633525848388672,2025-01
Kafukule_Health_Centre,U0T5lPrgVEY,-11.4575,33.63395,2025,1,825.0,13.895796775817871,2025-01
Kaigwazanga_Health_Centre,fELrRZgvyHN,-13.626766,32.928289,2025,1,3833.0,7.717536926269531,2025-01
Kakoma_Health_Centre,sYY0PQEhVU1,-16.09819,34.62398,2025,1,501.0,14.28457260131836,2025-01
Kakwale_Health_Centre,fhlpdEEnGrQ,-12.489228,33.571168,2025,1,2944.0,4.533322811126709,2025-01
Kalemba_Health_Centre,OyDhmxtA7nb,-16.57572,35.11207,2025,1,85.0,26.496234893798828,2025-01
Kalembo_Health_Centre,KNQ4RzNnZ6v,-14.84268,35.17081,2025,1,409.0,65.25769805908203,2025-01
Kalikumbi_Health_Centre,ZROS5WSviIN,-12.2038,33.33352,2025,1,197.0,7.088004112243652,2025-01
Kalinde_Health_Centre,uzaw4ubBdwd,-15.67187,35.72838,2025,1,268.0,25.025419235229492,2025-01
Kalulu_Clinic_(Illovo_Private),sXL607jX6A9,-16.24144,34.91164,2025,1,11.0,9.00280475616455,2025-01
Kalulu_Health_Centre,a8NnsOmXWK7,-13.99695,34.19753,2025,1,1457.0,20.152629852294922,2025-01
Kaluluma_Rural_Hospital,BOEaJ4eqVC9,-12.57759,33.51859,2025,1,3436.0,10.127156257629395,2025-01
Kambenje_Health_Centre,UzxhcPn4QZG,-15.85308,35.56394,2025,1,1544.0,32.98647689819336,2025-01
Kamboni_Health_Centre,cez54P9k6OJ,-13.30759,33.18189,2025,1,1422.0,13.18437671661377,2025-01
Kameme_Health_Centre,gil9su99LXX,-9.54425,33.13134,2025,1,330.0,14.273039817810059,2025-01
Kampanje_Maternity,AzbGHKq4K1A,-14.59947,34.58684,2025,1,142.0,18.9045467376709,2025-01
Kamsonga_Health_Centre,m9IaQF4jaPL,-13.27411,33.79949,2025,1,5055.0,19.320682525634766,2025-01
Kamteteka_Health_Centre,QM6V7PDrfLM,-11.83649,33.35892,2025,1,1499.0,5.656250953674316,2025-01
Kamuzu_Barracks_Dispensary,P6q5ZIrXGAM,-13.98131,33.82105,2025,1,116.0,29.40653419494629,2025-01
Kamwe_Health_Centre,ncumVqRrCMN,-11.10265,33.78911,2025,1,355.0,9.401323318481445,2025-01
Kande_Health_Centre,zA0iPC953jV,-11.93641,34.10944,2025,1,1285.0,25.968870162963867,2025-01
Kandeu_Health_Centre,QIjZYskL19K,-14.60262,34.61621,2025,1,1352.0,26.27298355102539,2025-01
Kang'oma_Health_Centre,o1ZjuUmv5aQ,-13.97817,33.88219,2025,1,2659.0,25.619659423828125,2025-01
Kangolwa_Health_Centre,OZNe80Ws0on,-13.37046,34.07048,2025,1,2727.0,22.569034576416016,2025-01
Kanjedza_Police__Clinic,Phf46V2Gghq,-15.815721,35.048525,2025,1,25.0,68.16411590576172,2025-01
Kankao_Health_Centre,HmTVrgdnucu,-15.05425,34.92264,2025,1,331.0,41.389259338378906,2025-01
Kanyama_Health_Centre,UwBTf92fAib,-14.24015,34.32356,2025,1,168.0,34.65072250366211,2025-01
Kanyerere_Health_Centre,wczXmln9Mz9,-10.76924,33.55751,2025,1,345.0,5.4286041259765625,2025-01
Kanyezi_Health_Centre,U6sLs3tOzpC,-14.31391,33.95303,2025,1,1924.0,17.047941207885742,2025-01
Kaongozi_Dispensary,eK4PmFIrpY5,-12.43665,34.04998,2025,1,1537.0,12.63516902923584,2025-01
Kapanga_Health_Centre,H2ErYfEdioK,-14.059995,33.306308,2025,1,2336.0,24.266050338745117,2025-01
Kapelula_Health_Centre,dy2GeuSwyIq,-12.87767,33.87086,2025,1,5083.0,12.426109313964844,2025-01
Kapenda_Health_Centre,NItIjAcYO8y,-9.49394,33.24911,2025,1,45.0,9.999004364013672,2025-01
Kapeni_Health_Centre,D9w3urb7GKR,-15.00511,34.77059,2025,1,755.0,12.990774154663086,2025-01
Kaphatenga_Health_Centre,yM9bkHicOua,-13.76222,34.38418,2025,1,163.0,27.995328903198242,2025-01
Kaphuka_Health_Centre,wGMlG6WZZ4q,-14.16013,34.19001,2025,1,1227.0,26.55433464050293,2025-01
Kapire_Health_Centre,bOzeauFIWQA,-14.78576,34.99945,2025,1,483.0,30.893810272216797,2025-01
Kapiri_Health_Centre_(Nkhotakota),sQnNX5Nbvu7,-13.21616,34.31136,2025,1,166.0,21.003093719482422,2025-01
Kapiri_Mission_Hospital,ekYnKIXnPPj,-13.56214,33.17383,2025,1,1399.0,43.05453109741211,2025-01
Kaporo_Rural_Hospital,mqNSnMB7fgW,-9.76756,33.87466,2025,1,2075.0,38.91385269165039,2025-01
Kapyanga_Health_Centre,D7QhLNJChdq,-12.82425,33.787522,2025,1,1742.0,12.755474090576172,2025-01
Karonga_District_Hospital,tjHJZDgKu6q,-9.95545,33.91113,2025,1,955.0,25.151840209960938,2025-01
Kasalika_Dispensary,TrYObnlA8UT,-13.03985,33.49866,2025,1,1265.0,57.65412902832031,2025-01
Kasembereka_Health_Centre,nWuBchw9R6C,-16.12131,35.09902,2025,1,70.0,9.86767292022705,2025-01
Kasese_Health_centre,JX6hyvnBrlF,-13.33338,33.57629,2025,1,2021.0,21.176179885864258,2025-01
Kaseye_Mission_Hospital,mTqGek9GBbM,-9.66644,33.37361,2025,1,220.0,14.441025733947754,2025-01
Kasina_Health_Centre,PCWfXe1C9hK,-14.143,34.13183,2025,1,822.0,37.30486297607422,2025-01
Kasinje_Health_Centre,kW3Ro43YXwB,-14.52315,34.67642,2025,1,803.0,27.992860794067383,2025-01
Kasitu_Dispensary,qX2CrzT4TL1,-12.30938,34.0343,2025,1,199.0,9.653996467590332,2025-01
Kasoba_Health_Centre,VDMYQuQPz2N,-9.87355,33.86972,2025,1,895.0,8.763101577758789,2025-01
Kasungu_District_Hospital,wNoaGHOI6Zl,-13.03579,33.48041,2025,1,3365.0,32.43065643310547,2025-01
Katawa_Health_Centre,vvgvKSNrelJ,-13.71314,34.31801,2025,1,184.0,11.468254089355469,2025-01
Katchale_Health_Centre,SUO29yrjbH4,-14.2836,33.90782,2025,1,3461.0,43.555389404296875,2025-01
Katema_Health_Centre,gNaXoVYpN1v,-14.52563,35.03761,2025,1,589.0,48.26205825805664,2025-01
Katete_Community_Hospital,YABJoiuXQMB,-12.34592,33.61421,2025,1,1052.0,39.70901870727539,2025-01
Katimbira_Health_Centre,Fz0tDlXVsn3,-12.75694,34.21737,2025,1,224.0,14.657554626464844,2025-01
Katowo_Rural_Hospital,TgIZdG9r95r,-10.81278,33.52222,2025,1,1970.0,29.9761962890625,2025-01
Katsekera_Health_Centre,Mby0tOuLfvm,-15.03336,34.64072,2025,1,145.0,22.44036293029785,2025-01
Katuli_Health_Centre,fA8higAcbmz,-14.17962,35.44476,2025,1,1200.0,89.218994140625,2025-01
Kaundu_Health_Centre,H0sBidyA6PK,-14.29368,34.62839,2025,1,133.0,29.980093002319336,2025-01
Kavuzi_Cumnock,vCIQ1SbW5X4,-11.67441,34.08166,2025,1,410.0,2.808784008026123,2025-01
Kavuzi_Health_Centre,g7LNUVG1pQA,-11.93641,34.08166,2025,1,788.0,0.0029490001033991575,2025-01
Kawalazi_Plantation_Clinic,UT6ad8gmKjC,-11.64406,34.10983,2025,1,850.0,4.957492828369141,2025-01
Kawale_Urban_Health_Centre,d1WQftQ87x3,-13.99175,33.79757,2025,1,352.0,102.91547393798828,2025-01
Kawamba_Health_Centre,flfOvLzldtj,-13.29575,33.3393,2025,1,1807.0,27.96552848815918,2025-01
Kaweche_Health_Centre,BRvHol84T4Q,-11.340424,33.866056,2025,1,2137.0,14.379521369934082,2025-01
Kawinga_Dispensary,ozdBwLyST0J,-14.85468,35.57198,2025,1,1183.0,27.082517623901367,2025-01
Kayelekera_Health_Centre,gUUDKKk5DPr,-9.967577,33.684333,2025,1,826.0,12.917865753173828,2025-01
Kayembe_Health_Centre,HYqblaD619d,-13.64256,33.58301,2025,1,1295.0,25.05532455444336,2025-01
Kazyozyo_Health_Centre,q4bVkSStlsm,-13.575413,32.863752,2025,1,2253.0,13.747918128967285,2025-01
Khanda_Health_Centre,Bg5ydja7hGX,-15.381515,35.5116866,2025,1,558.0,8.140192985534668,2025-01
Khola_Health_Centre,PYQecgNXvAc,-13.34447,33.31649,2025,1,1092.0,8.964860916137695,2025-01
Khombedza_Health_Centre,XcRAuC6ZPi0,-13.59695,34.31111,2025,1,1103.0,17.445886611938477,2025-01
Khondowe_Health_Centre,OxWyNMOFrbv,-11.07281,34.21939,2025,1,151.0,2.743267059326172,2025-01
Khongoni_Health_Centre,W8j3MAkrJe4,-13.77451,33.36761,2025,1,3632.0,18.815654754638672,2025-01
Khonjeni_Health_Centre,UkXVvwCLQgO,-16.09692,35.27129,2025,1,2655.0,26.316362380981445,2025-01
Khosolo_Health_Centre,GVweqBeEYdR,-12.4402,33.79133,2025,1,2830.0,10.713671684265137,2025-01
Khungulu_Health_Centre,OJZfqWtdA8O,-13.2512161,34.3015278,2025,1,2622.0,0.003129000077024102,2025-01
Khuwi_Health_Centre,RgHJHBTtszj,-13.43192,33.83367,2025,1,4009.0,31.47345542907715,2025-01
Khuyukuyu_Health_Centre,q0KYGiBsenN,-11.22183,33.91461,2025,1,1327.0,7.994492053985596,2025-01
Koche_Community_Hospital,O65d1uI6NGP,-14.33343,35.14335,2025,1,74.0,48.0752067565918,2025-01
Kochilira_Rural_Hospital,sxgy4P0oUli,-13.78239,33.04385,2025,1,5168.0,23.484052658081055,2025-01
Kukalanga_Health_Centre,QOSmQ9gyzBp,-14.63744,35.18031,2025,1,319.0,38.438106536865234,2025-01
Kunenekude_Health_Centre,tB6qZOxpIwC,-15.46467,34.49142,2025,1,3133.0,11.993660926818848,2025-01
Kwitanda_Health_Centre,Z8EORvXbL8x,-15.06495,35.093,2025,1,205.0,13.113555908203125,2025-01
Lakeview_Health_Centre,s0oVNR4X97p,-14.64251,34.55371,2025,1,40.0,26.678396224975586,2025-01
Lambulira_Health_Centre,fDKWlLdMpdy,-15.4841,35.337,2025,1,2564.0,9.912038803100586,2025-01
Lemwe_Health_Centre,HRNjqusGvXx,-13.88525,33.34328,2025,1,3143.0,22.261276245117188,2025-01
Lengwe_Clinic_(Illovo_Private),bvTUezQA0ui,-16.20038,34.7997,2025,1,33.0,14.622941017150879,2025-01
Lifeline_Health_Centre,IxcEPNvhmZx,-14.09219,34.54437,2025,1,248.0,22.17804718017578,2025-01
Lifuwu_Health_Centre,BFn8OYQ5lyA,-13.67915,34.58878,2025,1,578.0,18.15567970275879,2025-01
Ligowe_Dispensary,gA0WGnhCnYt,-15.47368,34.65182,2025,1,1678.0,15.702960968017578,2025-01
Likangala_Health_Centre,LBeMMNRQSoU,-15.42787,35.54461,2025,1,840.0,18.60344123840332,2025-01
Likuni_Mission_Hospital,JquLSZgkHQ8,-14.02683,33.70886,2025,1,1036.0,51.908485412597656,2025-01
Lilongwe_City_Assembly_Chinsapo_,m6bNWBsRDsi,-14.01331,33.73171,2025,1,593.0,169.880615234375,2025-01
Limbe_Health_Centre,KVxcc4baK2p,-15.816967,35.051775,2025,1,283.0,13.19922161102295,2025-01
Linyangwa_Health_Centre,z9yDHU0ZYQd,-13.14379,33.3005,2025,1,1487.0,9.270501136779785,2025-01
Lirangwe_Health_Centre,ZUMSlT5ZDCE,-15.529384,35.029841,2025,1,3710.0,52.95211410522461,2025-01
Lisungwi_Community_Hospital,jBJ1nrUXKIu,-15.43557,34.77838,2025,1,991.0,15.104958534240723,2025-01
Liuzi_Health_Centre,HYxgXNwy8Wn,-12.18971,34.01572,2025,1,508.0,5.906860828399658,2025-01
Livulezi_Health_Centre,eDs5Eb9rSl4,-14.85176922,34.74434966,2025,1,330.0,5.3383708000183105,2025-01
Livwezi_Health_Centre,p4eKC1ZsXQ4,-12.893592,33.679487,2025,1,3077.0,12.822461128234863,2025-01
Liwaladzi_Health_Centre,TwUljmbTv4b,-12.62054,34.16538,2025,1,230.0,26.18947982788086,2025-01
Liwonde_Medical_Clinic,pri4uEfpoMg,-15.06782,35.22473,2025,1,65.0,23.838542938232422,2025-01
Lizulu_Health_Centre,yZVsJTXGxyZ,-14.51775,34.46547,2025,1,288.0,81.65574645996094,2025-01
Lobi_Health_Centre,yEDgnTigUVO,-14.39034,34.07182,2025,1,1471.0,34.28771209716797,2025-01
Lodjwa_Health_Centre,MrIB1LvLmRs,-12.41898,33.52947,2025,1,2174.0,11.00091552734375,2025-01
Ludzi_St_Joseph's_Mission_Hospital,L42aUTBuigK,-13.75862,32.99271,2025,1,558.0,43.75071716308594,2025-01
Lugola_Health_Centre,AcMkv28WWEO,-13.96144,35.14285,2025,1,278.0,32.72410583496094,2025-01
Lujeri_Health_Centre,QmGoFNWfUFa,-16.02826,35.65517,2025,1,1480.0,21.778474807739258,2025-01
Lulanga_Health_Centre,iIwqmezZ9rs,-13.68744,34.91742,2025,1,233.0,27.873205184936523,2025-01
Lulwe_Health_Centre,ftIjkXg1oCr,-17.08765,35.11415,2025,1,14.0,16.73308563232422,2025-01
Lumbadzi_Health_Centre,UrNi47KXEKp,-13.77074,33.80477,2025,1,3835.0,30.175945281982422,2025-01
Lundu_Health_Centre,j94m3pNGJLw,-15.421776,35.01282,2025,1,1646.0,35.134422302246094,2025-01
Lungwena_Health_Centre,VdDtiG3fZ9A,-14.24501,35.24804,2025,1,592.0,33.75225067138672,2025-01
Lunjika_Health_Centre,ssMcu8y2Kf3,-11.71451,33.6858,2025,1,581.0,11.099608421325684,2025-01
Lupembe_Health_Centre,haaT3dJc33b,-10.06628,33.98778,2025,1,257.0,12.479016304016113,2025-01
Lura_Health_Centre,E1n8QFnk7M2,-10.72638,34.04408,2025,1,2522.0,5.3502020835876465,2025-01
Luvwere_Dispensary,qY3GH22ifOb,-11.38921,33.6729,2025,1,712.0,8.43257999420166,2025-01
Luwalika_Health_Centre,qBxArP5yT1I,-14.23797,35.46952,2025,1,234.0,26.06662368774414,2025-01
Luwani_Health_Centre,y3FF95NnZzl,-15.47981,34.74241,2025,1,669.0,10.876222610473633,2025-01
Luwawa_Health_Centre,qRO40W7cmWx,-12.11337,33.71943,2025,1,459.0,4.1029558181762695,2025-01
Luwerezi_Health_Centre,upbCscjsSDs,-12.48825,33.64119,2025,1,4969.0,8.214977264404297,2025-01
Luwuchi_Health_Centre,Ie6bXE64qOA,-10.68353,34.19353,2025,1,423.0,10.926210403442383,2025-01
Luzi_Health_Centre,p9HxhQYtEuW,-10.99681,33.95583,2025,1,320.0,8.893613815307617,2025-01
Lwazi_Health_Centre,h7qFHIsVs04,-11.51864,34.15115,2025,1,254.0,4.594112873077393,2025-01
Lwezga_Health_Centre,eXttdubBDLr,-10.56692,34.17943,2025,1,634.0,12.958828926086426,2025-01
M'mambo_Heaith_Centre,PFhr83vxGgZ,-15.26264,35.15945,2025,1,1775.0,10.779061317443848,2025-01
MDF_Secondary_School_Clinic,ECwzZkt3Rop,-15.7013,35.00832,2025,1,50.0,16.70386505126953,2025-01
Mabili_Health_Centre,vv5AP3nMhAz,-12.24624,33.43,2025,1,707.0,8.35358715057373,2025-01
Machinga_District_Hospital,HN3xPrwEli4,-15.06229,35.2263,2025,1,2289.0,45.0522346496582,2025-01
Machinga_Health_Centre,cYYZv88xBL6,-15.1773,35.29565,2025,1,3019.0,11.954265594482422,2025-01
Machinjiri_Health_Centre,LtrODoKSSgr,-15.23666,35.41707,2025,1,1786.0,8.261685371398926,2025-01
Madede_Health_Centre,p3frzwQQnXF,-11.53894,33.29456,2025,1,1648.0,10.574382781982422,2025-01
Madisi_Mission_Hospital,g9wv1lKcdzp,-13.40712,33.60813,2025,1,489.0,35.30459976196289,2025-01
Madziabango_Health_Centre,JA9Ekal0Y2p,-15.967751,34.908224,2025,1,1837.0,13.599004745483398,2025-01
Maera_Health_Centre,gSVQoPw8dRz,-15.50987,35.1315,2025,1,2455.0,13.737080574035645,2025-01
Mafco_Health_Centre,ael27YuIvji,-13.78419,34.60338,2025,1,226.0,38.591793060302734,2025-01
Maganga_Health_Centre,NPgTh8ar7Rg,-13.84681,34.5591,2025,1,92.0,28.06276512145996,2025-01
Magareta_Health_Centre,NFqFeBSH2Re,-15.55083,34.62836,2025,1,880.0,19.293107986450195,2025-01
Magomero_Dispensary,trXyKw0TG5U,-14.37970566,34.30903158,2025,1,1341.0,4.50227689743042,2025-01
Magomero_Health_Centre,MfSWVpArbHS,-15.56147,35.26101,2025,1,329.0,24.20984649658203,2025-01
Mahowe_Health_Centre,TkKOmywmjVx,-10.183192,33.690349,2025,1,1429.0,5.502923011779785,2025-01
Majete_1_(Hunger)_Health_Centre,HHK489bchmI,-16.27045,34.86368,2025,1,447.0,41.022857666015625,2025-01
Majete_2_(Hunger)Health_Centre,Tqy9Hzt0HYy,-16.020747,34.525114,2025,1,1294.0,7.962978839874268,2025-01
Majete_3_(Hunger)Health_Centre,vZcq1BL4eig,-16.020747,34.525114,2025,1,289.0,7.962978839874268,2025-01
Majete_5_(Hunger)_Health_Centre,pAcAZjy2228,-15.873873,34.767251,2025,1,176.0,1.0,2025-01
Majete_6_(Hunger)_Health_Centre,cTyIAdMgNvg,-16.156663,34.712992,2025,1,57.0,1.0,2025-01
Makanjira_Health_Centre,ogCJRAEA06f,-13.71591,35.04704,2025,1,961.0,32.09834289550781,2025-01
Makapwa_Health_Centre,a6SFNf7F567,-16.18199,35.27984,2025,1,513.0,13.796442985534668,2025-01
Makata_Health_Centre,eZfOjVQcd0e,-15.62996,35.07964,2025,1,1964.0,19.77863883972168,2025-01
Makhetha_Dispensary,tCNxro4FiTA,-15.783601,35.069582,2025,1,137.0,108.63970947265625,2025-01
Makhwira_Health_Centre,fmm167XcK2T,-16.19483,35.01065,2025,1,473.0,31.65047264099121,2025-01
Makina_Health_Centre,qWZcRR81Nvd,-15.5167921,35.5990934,2025,1,357.0,1.4391069412231445,2025-01
Makiyoni_Health_Centre,H37Fo6H2Roi,-13.58599,34.197,2025,1,1053.0,21.96686363220215,2025-01
Makungwa_Health_Centre_(Bvumbwe),q3B88KiRZ72,-15.93981,35.02633,2025,1,1453.0,30.25576400756836,2025-01
Makwapala_Health_Centre,ctDR10R37Rw,-15.36938,35.4506,2025,1,1589.0,24.24683380126953,2025-01
Makwasa_Estate_Clinic,joh9QZI3a96,-16.19476,35.10564,2025,1,196.0,19.188745498657227,2025-01
Malabada_Health_Centre,SsBkD3XDOD7,-15.767722,35.044791,2025,1,12.0,71.31452178955078,2025-01
Malambo_Health_Centre,kcEdNoW9QOb,-13.21307,33.76244,2025,1,1754.0,7.765676975250244,2025-01
Malamulo_Mission_Hospital,UKeSrLQeuCm,-16.17155,35.11011,2025,1,1451.0,43.34203338623047,2025-01
Malembo_Health_Centre,UKbySUaELNM,-14.23628,34.82524,2025,1,132.0,26.14276123046875,2025-01
Malembo_Health_Centre_(Lilongwe),tOaGG2xPLDm,-13.62006,33.41507,2025,1,3035.0,24.013416290283203,2025-01
Malidadi_Health_Centre,BvmZAEbFgHw,-11.22926,33.49989,2025,1,478.0,5.797144889831543,2025-01
Malindi_Dispensary,O4mR8q2NRlF,-13.395518,34.208982,2025,1,733.0,1.0,2025-01
Malingunde_Health_Centre,lP4THWArWA7,-14.16887,33.6397,2025,1,724.0,43.15745162963867,2025-01
Malombe_Health_Centre,n9kEwAvGSIu,-14.6305,35.34912,2025,1,619.0,17.226533889770508,2025-01
Malomo_Health_Centre,mxfexio2lQ4,-13.14861,33.83927,2025,1,6679.0,36.95796585083008,2025-01
Malowa_Health_Centre,rKEqKuoGeKQ,-13.1816,34.25165,2025,1,1019.0,9.427742958068848,2025-01
Malukula_Health_Centre,dOgr5wPfLaq,-14.44362,35.35582,2025,1,203.0,13.330864906311035,2025-01
Maluwa_Health_Centre,LL3TLeE40xi,-14.26287,33.87364,2025,1,851.0,27.051359176635742,2025-01
Mama_Khadija_Health_Centre,xdPgIAQLQ6L,-14.3708,35.49405,2025,1,62.0,41.17689895629883,2025-01
Mangamba_Health_Centre,zt2Jzw6wUcc,-14.79145,35.43652,2025,1,1267.0,19.711198806762695,2025-01
Mangochi_District_Hospital,vGbcjNT1TSJ,-14.48191,35.26527,2025,1,702.0,44.19807815551758,2025-01
Mangunda_Health_Centre,jkGTBAmFE1b,-16.02884,35.26166,2025,1,408.0,32.205596923828125,2025-01
Manjawira_Health_Centre,FPDJqyOOb4I,-15.00254,34.85709,2025,1,1090.0,28.208377838134766,2025-01
Manolo_Health_Centre,YpAyWUsXP6l,-11.250767,33.439585,2025,1,859.0,4.161423206329346,2025-01
Manyamula_Health_Centre,nDmSqHjGoHc,-11.94005,33.43945,2025,1,2369.0,13.395807266235352,2025-01
Maonde_Health_Centre,YK6aK071R8v,-14.4057,34.11592,2025,1,208.0,22.06810760498047,2025-01
Mapanga_Health_Center,XrE6S137IUq,-16.03764,35.01675,2025,1,1774.0,23.20833396911621,2025-01
Maperera_Health_Centre,NlBOlQkhfk5,-16.10534,34.9157,2025,1,359.0,36.76416778564453,2025-01
Maravi_Health_Centre,Ljx0uViQtRg,-15.83686,35.14867,2025,1,340.0,22.89335060119629,2025-01
Mary_Lou_Clinic,hUwwnJILHdu,-14.110214,34.52324,2025,1,497.0,13.228191375732422,2025-01
Masasa_Health_Centre,oAX2IuKUC7A,-14.4334,34.42243,2025,1,449.0,34.72336959838867,2025-01
Mase_Health_Centre,c8uCPvKeeEM,-14.58096,35.36386,2025,1,103.0,26.322412490844727,2025-01
Masenjere_Health_Centre,hj7sZWYuxTM,-16.33721,35.09671,2025,1,1439.0,42.454498291015625,2025-01
Matanda_Health_Centre,iVOnl6X10Ym,-15.10516,34.66845,2025,1,255.0,19.607973098754883,2025-01
Matandani_Health_Centre,JKAFWLrwdji,-15.33071,34.65321,2025,1,2194.0,9.7119722366333,2025-01
Matapila_Health_Centre,nyBn1aFSTnl,-14.01108,33.97509,2025,1,2697.0,51.58462905883789,2025-01
Matawale_Urban_Health_Centre,yREVcFcXe3h,-15.39029,35.35958,2025,1,1342.0,25.17738914489746,2025-01
Matekenya_Health_Centre,jeNQSrVSj0c,-13.564647,34.047714,2025,1,793.0,6.89523983001709,2025-01
Matiki_Health_Centre,bfDs0dTM81U,-12.49874,34.15464,2025,1,256.0,28.835947036743164,2025-01
Matiya_Health_Centre,omQ3TWOHcDR,-15.53371,35.5478,2025,1,91.0,20.552757263183594,2025-01
Matope_Health_Centre,GjNQ12Y2l0F,-15.3537,34.94732,2025,1,805.0,15.647366523742676,2025-01
Matuli_Health_Centre,WIiA3ENQI5A,-11.48513,33.89613,2025,1,1394.0,11.841394424438477,2025-01
Matumba_Health_Centre,I5QjWlvvwsI,-14.37283,33.90594,2025,1,2212.0,27.584840774536133,2025-01
Maula_Health_Centre,W423FAKdyEK,-11.73518,34.23514,2025,1,643.0,7.422905921936035,2025-01
Mauwa_Health_Centre,F6BWHBSv59O,-15.65283,35.2498,2025,1,1344.0,20.151647567749023,2025-01
Mayaka_Health_Centre,JQgSk2DFvqZ,-15.57355,35.3728,2025,1,985.0,35.59942626953125,2025-01
Mayani_Health_Centre,U3ExHCyHDEZ,-14.09697,34.24281,2025,1,1627.0,25.693862915039062,2025-01
Mbabvi_Health_Centre,rwyqKbu6sVj,-13.92808,33.67087,2025,1,4410.0,21.929248809814453,2025-01
Mbalachanda_Health_Centre,aLanDLYSxOP,-11.35738,33.37133,2025,1,2132.0,9.66264533996582,2025-01
Mbalama_Health_Centre,bH9LR1iMj5b,-14.71431,35.498909,2025,1,520.0,23.37493896484375,2025-01
Mbalanguzi_Dispensary,gRtggG07luV,-16.251,35.16672,2025,1,33.0,5.201295852661133,2025-01
Mbang'ombe_1_Health_Centre,AsETHxlmpIL,-13.73673,33.71382,2025,1,3036.0,14.079177856445312,2025-01
Mbang'ombe_2_Health_Centre,rX8JkNx4U0A,-14.16945,33.37942,2025,1,3444.0,22.315839767456055,2025-01
Mbanila_Health_Centre,ELXUlTxf8K3,-14.975262,35.598659,2025,1,955.0,13.705557823181152,2025-01
Mbayani_Health_Center,ojywW0LnOe6,-15.765569,35.004616,2025,1,257.0,216.34518432617188,2025-01
Mbenje_Health_Centre,GMxiZxppgwD,-16.99464,35.22079,2025,1,333.0,47.466617584228516,2025-01
Mbera_Health_Centre,vHwtNk0Bvmi,-14.91088,35.05326,2025,1,384.0,25.546649932861328,2025-01
Mbingwa_Health_Centre,rpW9v5wCsE6,-13.54425,33.51485,2025,1,2305.0,7.723968029022217,2025-01
Mbiza_Health_Centre,dmGyp0vetoz,-16.0929,35.34602,2025,1,3081.0,39.43287658691406,2025-01
Mbonechera_Health_Centre,iTzui2UcI8o,-14.88932,35.47818,2025,1,638.0,23.413972854614258,2025-01
Mbulumbudzi_Health_Centre,SrQ8y7MhCE6,-15.63834,35.15687,2025,1,852.0,33.535491943359375,2025-01
Mbwatalika_Health_Centre,KRmwm560Ldo,-14.00387,33.5507,2025,1,164.0,11.466707229614258,2025-01
Mchima_Clinic,HC3bsEmqOGP,-16.11388,35.14018,2025,1,435.0,25.061237335205078,2025-01
Mchinji_District_Hospital,dFFBYFnomxH,-13.80273,32.88716,2025,1,85.0,29.706039428710938,2025-01
Mchoka_Health_Centre,c6WcEY1TXnq,-13.92593,34.48984,2025,1,736.0,20.278085708618164,2025-01
Mdeka_Health_Centre,fQCAaNl0UMA,-15.468134,34.942566,2025,1,1146.0,26.2890682220459,2025-01
Mdeza_Dispensary,jJwUNjSxgTS,-14.23517,33.9677,2025,1,27.0,21.284170150756836,2025-01
Mdunga_Heallth_Centre,H3xKaK0d3or,-12.9931,33.8519,2025,1,3245.0,10.835761070251465,2025-01
Mehboob_Health_Centre,V9Zm1LU1stx,-14.3635709,35.1666522,2025,1,173.0,25.960535049438477,2025-01
Mfera_Health_Centre,gMuqGSS8knm,-16.06818,34.86724,2025,1,180.0,25.79535484313965,2025-01
Mganja_Health_Centre,qb1Mj9bHSca,-14.42048,34.52305,2025,1,72.0,18.010631561279297,2025-01
Mhalaunda_Health_Centre,inDCxEh9onL,-12.05118,33.46656,2025,1,10.0,6.867633819580078,2025-01
Mhuju_Rural_Hospital,QrpvZldV7rA,-10.86685,33.99765,2025,1,2957.0,16.01813316345215,2025-01
Mianga_Estate_Clinic,oXXbb8WAC4h,-16.09883,35.07553,2025,1,279.0,20.3580265045166,2025-01
Migowi_Health_Centre,PHIvzmuxq0q,-15.71922,35.68542,2025,1,228.0,40.8956298828125,2025-01
Mikolongwe_Health_Centre,ZEhFEU99s7M,-15.90149,35.18367,2025,1,171.0,26.909027099609375,2025-01
Mikondo_Health_Centre,fQgxgDx2iHA,-14.44767,33.93951,2025,1,1162.0,13.034811973571777,2025-01
Mikundi_Health_Centre,rAdbHKHrveg,-13.707966,33.13825,2025,1,2163.0,29.556467056274414,2025-01
Milepa_Health_Centre,MH3qGNRGA9d,-15.68713,35.31818,2025,1,1634.0,31.833858489990234,2025-01
Milonde_Health_Centre,C3eAtbe8AQW,-16.10264,35.47826,2025,1,1727.0,11.015807151794434,2025-01
Mimosa_Health_Centre,YOhdb5QWf3k,-16.08574,35.61263,2025,1,3685.0,39.33422088623047,2025-01
Mindanti_Health_Centre_(CHAM),vzXsxZNHzIf,-16.0791,34.568655,2025,1,151.0,9.616815567016602,2025-01
Ming'ongo_Health_Centre,MCQRoU5bKZ7,-14.07479,33.44838,2025,1,2441.0,23.0535888671875,2025-01
Misomali_Health_Centre_(CHAM),WPueOTAiLN1,-16.03775,34.5372,2025,1,82.0,19.995885848999023,2025-01
Misuku_Health_Centre,XnBB0NztocS,-9.67977,33.52076,2025,1,432.0,6.57789421081543,2025-01
Mitsidi_Health_Centre_(Lumbira),xEhYcXNLUVr,-15.77702,34.96873,2025,1,129.0,22.949960708618164,2025-01
Mitundu_Rural_Hospital,aVmCsQGN0r1,-14.24776,33.77465,2025,1,4784.0,71.7308578491211,2025-01
Mjini_Health_Centre,QRur3iZGQxE,-14.04457,34.23867,2025,1,1594.0,11.297903060913086,2025-01
Mkanda_Health_Centre,FexDaTn0HFG,-13.514656,32.96083,2025,1,3603.0,36.63992691040039,2025-01
Mkhota_R_Growth_Health_Centre,F17kSj3t4iD,-13.56651,33.34348,2025,1,1861.0,6.963143825531006,2025-01
Mkhuzi_Health_Centre,K4fSBUiEBEX,-13.36646,33.77662,2025,1,2956.0,11.687234878540039,2025-01
Mkhwayi_Health_Centre,tRNfX43j5Mv,-15.61457,35.62787,2025,1,259.0,29.212556838989258,2025-01
Mkoma_Health_Centre,y1zhkY1SAE9,-12.61235,33.7824,2025,1,3186.0,5.386446952819824,2025-01
Mkumba_Health_Centre,XQ14A9f2j8N,-14.5946,35.52517,2025,1,591.0,35.185462951660156,2025-01
Mkwepere_Health_Centre,RQYBvIXGsDY,-14.60286,35.63635,2025,1,818.0,19.134719848632812,2025-01
Mlale_Mission_Hospital,vlaK6dtRhxj,-14.23011,33.75658,2025,1,489.0,48.93238067626953,2025-01
Mlambe_Hospital,cmCppSqIlzN,-15.644676,35.017358,2025,1,451.0,28.112947463989258,2025-01
Mlanda_Health_Centre,IvqvjIvVBaK,-14.47886,34.45988,2025,1,55.0,17.853126525878906,2025-01
Mlangali_Dispensary,a6eACcAs40A,-14.41322,34.27274,2025,1,792.0,8.364845275878906,2025-01
Mlangeni_Health_Centre,ONmU8CWhzv9,-14.67662,34.53672,2025,1,360.0,42.26939010620117,2025-01
Mlangeni_Police_Health_Centre,ObGhlP39lGg,-14.68292,34.53325,2025,1,74.0,31.38905143737793,2025-01
Mlare_Dispensary,o9B8rTitcGn,-10.173,34.03591,2025,1,272.0,5.242476940155029,2025-01
Mlodza_SDA_Dispensary,HYVLnrx75IO,-14.007222,33.8175,2025,1,14.0,130.3822021484375,2025-01
Mlomba_Health_Centre,OUiAuB0Uc7D,-15.01903,35.47708,2025,1,1745.0,31.437271118164062,2025-01
Mlowe_Health_Centre,GSQ5TnX3yuJ,-10.76429,34.19488,2025,1,172.0,12.301530838012695,2025-01
Mndinda_Health_Centre,uYi2L6Go4Qf,-13.2474,34.05675,2025,1,1554.0,13.132782936096191,2025-01
Mnyanja_Health_Centre,mwyB6seePPU,-12.710138,33.486167,2025,1,1150.0,4.021079063415527,2025-01
Monkey-Bay_Community_Hospital,rJjuBGDDPrG,-14.08468,34.91104,2025,1,144.0,72.98562622070312,2025-01
Moyale_Barracks_Health_Centre_,S9XMFfakFVw,-11.45976,34.03829,2025,1,222.0,15.979246139526367,2025-01
Mpala_Health_Centre,w8qa58C9FGk,-16.14386,35.52479,2025,1,3208.0,59.98704147338867,2025-01
Mpamantha_Health_Centre,YEVlg1UBA5H,-13.06926,34.25224,2025,1,1185.0,8.003355026245117,2025-01
Mpamba_Health_Centre,cHhZC34cSCl,-11.54697,34.19727,2025,1,1035.0,10.585784912109375,2025-01
Mpasa_Health_Centre,Kxv4oNJw7DU,-15.7579,35.61142,2025,1,530.0,23.844024658203125,2025-01
Mpata_Health_Centre,n7QRqzjmhbr,-9.96062,33.81525,2025,1,901.0,15.858903884887695,2025-01
Mpemba_Health_Centre,d9yZ10QgeOl,-15.874953,34.956435,2025,1,1251.0,33.931396484375,2025-01
Mpepa_/_Chisinga_Health_Centre,GJhhq8K1EBF,-12.622028,33.326917,2025,1,6454.0,14.259416580200195,2025-01
Mphathi_Health_Centre,KCFtEvMrZ3Z,-14.45516,34.07683,2025,1,46.0,14.82835865020752,2025-01
Mphelero_Health_Centre,x6VWLw7WSUB,-13.752724,33.02337,2025,1,2463.0,4.036405086517334,2025-01
Mphepozinai_Dispensary,D2lOPiKippv,-14.73586,34.66115,2025,1,2042.0,13.573189735412598,2025-01
Mpherembe_Health_Centre,XazLGbIHFsc,-11.28806,33.61431,2025,1,1174.0,27.67168617248535,2025-01
Mphompha_Health_Centre,hS2sYnTQbU3,-11.00662,34.07305,2025,1,332.0,5.229255199432373,2025-01
Mphunzi_Health_Centre,eXOvuYIG9YP,-14.37933,34.17539,2025,1,144.0,24.810678482055664,2025-01
Mpingo_Health_Centre,WaVNBxhEraz,-15.881789,34.913597,2025,1,476.0,18.087705612182617,2025-01
Mpiri_Health_Centre,rl3pWoEjBn3,-14.77192,35.60801,2025,1,303.0,25.794530868530273,2025-01
Mpondasi_Health_Centre,AUDheLXTT2U,-14.45347,35.24387,2025,1,56.0,49.452754974365234,2025-01
Mponela_Rural_Hospital,ueVjB10KIyz,-13.53264,33.73713,2025,1,6038.0,76.11111450195312,2025-01
Mposa_Health_Centre,tLsbScHkeRF,-15.14906,35.51849,2025,1,328.0,16.04770851135254,2025-01
Msaka_Dispensary,VFjaTYD2PvB,-14.0792622,34.8522917,2025,1,58.0,2.656033992767334,2025-01
Msakambewa_Health_Centre,jgFPtgYE3C8,-13.55296,33.89719,2025,1,2158.0,14.811095237731934,2025-01
Mseche_Clinic,kEalcH7WPX0,-13.78,33.91,2025,1,133.0,12.282785415649414,2025-01
Msenjere_Health_Centre,dE9wie8cYJB,-12.73248,34.17062,2025,1,1210.0,17.56875991821289,2025-01
Msese_Health_Centre,Um1JMpMYGpE,-12.35951,33.74002,2025,1,1553.0,3.7492780685424805,2025-01
Msumbe_Health_Centre,hLuqNN1enth,-9.75123,33.67563,2025,1,739.0,3.8614609241485596,2025-01
Mtakataka_Health_Centre,wtmWonh9GZt,-14.22745,34.51474,2025,1,1264.0,46.1063232421875,2025-01
Mtakataka_Police_Health_Centre,Fo4Nu1Khoqq,-14.22581,34.51119,2025,1,378.0,15.735672950744629,2025-01
Mtende_Health_Centre,o0hX9ak46oU,-11.49724,33.54894,2025,1,1877.0,11.727116584777832,2025-01
Mtendere_Health_Centre,r0KnLCBcTr3,-14.32271,34.09373,2025,1,1114.0,52.56269836425781,2025-01
Mtengoumodzi_Private_Hospital,P4mpxuxgOZW,-15.7245,35.01637,2025,1,13.0,93.07185363769531,2025-01
Mtengowanthenga_Mission_Hospital,s79dCXbcoCA,-13.67165,33.77623,2025,1,633.0,83.36785125732422,2025-01
Mtenthera_Health_Centre,TIa8uoFjhcd,-14.10884,34.00567,2025,1,2369.0,60.145320892333984,2025-01
Mtimabii_Health_Centre,U0L0TzkTg4Y,-14.61111,35.08273,2025,1,1568.0,39.10700225830078,2025-01
Mtonda_Health_Centre,PxcYX4fmgXB,-15.02,34.75144,2025,1,172.0,7.891223907470703,2025-01
Mtosa_Health_Centre,tlqs0jOTw9o,-13.43876,34.27365,2025,1,734.0,16.755062103271484,2025-01
Mtunthama_Health_Centre,PbfmrMdVBs3,-13.03145,33.68209,2025,1,1707.0,20.757509231567383,2025-01
Mtwalo_Health_Centre,JeL4xvlOwsv,-11.39671,33.74591,2025,1,534.0,14.57906436920166,2025-01
Mua_Mission_Hospital,niNbaFnNCgp,-14.28307,34.50972,2025,1,154.0,46.970420837402344,2025-01
Mulanje_District_Hospital,Nepy3vH3e6g,-16.02549,35.50785,2025,1,5624.0,49.29973220825195,2025-01
Mulanje_Mission_Hospital,MKIDkeCfVCc,-16.02103,35.46436,2025,1,450.0,38.295833587646484,2025-01
Mulembe_Health_Centre,ncKg2M2bIHm,-10.061782,33.377912,2025,1,591.0,1.7677099704742432,2025-01
Mulibwanji_Hospital,GjCDed8EK8B,-14.51145,35.58797,2025,1,254.0,36.59433364868164,2025-01
Mulomba_Health_Centre,ijqBzVGbncx,-15.76535,35.51182,2025,1,1098.0,31.570524215698242,2025-01
Muloza_Health_Centre,P5U57FLrPxL,-16.06252,35.76226,2025,1,1607.0,23.069316864013672,2025-01
Muluma_Dispensary,jHjfJQsvt47,-14.71894,34.6355,2025,1,341.0,8.474610328674316,2025-01
Mulungu_Alinafe_Health_Centre,YpOsxnyWD67,-15.85719,35.81552,2025,1,289.0,33.005348205566406,2025-01
Mvera_Mission_Health_Centre,QKnbzIuwFb6,-13.73673,34.12876,2025,1,501.0,13.057600975036621,2025-01
Mvera_Support_Battalion_Health_Centre,aockNsOfjIt,-13.77963,34.1398,2025,1,2087.0,14.866433143615723,2025-01
Mwaiwathu_Private_Hospital,YGIGbwqnA9M,-15.78547,35.01691,2025,1,30.0,14.157771110534668,2025-01
Mwandama_Health_Centre,jyoWzEvm0XC,-15.49803,35.18803,2025,1,1756.0,18.38274574279785,2025-01
Mwanga_Health_Centre,Js5P9ZU5K6r,-15.64632,35.53221,2025,1,90.0,24.179140090942383,2025-01
Mwangala_Health_Centre,ZctUHvWm292,-13.48744,33.9234,2025,1,2759.0,24.40043067932129,2025-01
Mwansambo_Health_Centre,Rf1rrKDqc9l,-13.30698,34.11877,2025,1,1760.0,27.451509475708008,2025-01
Mwanza_Clinic_(Illovo_Private),dviOrlXivOL,-16.1894,34.88065,2025,1,22.0,26.95443344116211,2025-01
Mwanza_District_Hospital,ojR8a0Xu9A3,-15.59118,34.50998,2025,1,3237.0,51.646324157714844,2025-01
Mwaya_Health_Centre,aqRm9wq0aIA,-11.97658,34.07603,2025,1,255.0,4.054213047027588,2025-01
Mwazisi_Health_Centre,JeN3ydrU4lR,-10.94356,33.5792,2025,1,739.0,9.785978317260742,2025-01
Mwenilondo_Health_Centre,IzCVmo0841o,-10.003762,33.93254,2025,1,251.0,18.371990203857422,2025-01
Mwima_Health_Centre,iQmvSbGhycA,-14.929636,35.184932,2025,1,780.0,12.474392890930176,2025-01
Mzalangwe_Health_Centre,tca66OfpOph,-11.61228,33.5651,2025,1,13.0,6.222723007202148,2025-01
Mzambazi_Community_Hospital,L0obMixrYsw,-11.42764,33.45031,2025,1,1604.0,19.321575164794922,2025-01
Mzandu_Health_Centre,zbzy1EAHemL,-13.48916,34.02738,2025,1,2067.0,14.611627578735352,2025-01
Mzenga_Health_Centre,DCafjM4Ew3G,-11.73249,34.07401,2025,1,962.0,1.5076910257339478,2025-01
Mzimba_District_Hospital,H58PMzo9Xii,-11.89805,33.58421,2025,1,3579.0,37.88922119140625,2025-01
Mziza_Health_Centre_,GaqkYT3AgFn,-13.27941,33.50405,2025,1,759.0,9.724149703979492,2025-01
Mzokoto_Health_Centre,bYR9HESsWKd,-10.90777,34.02735,2025,1,395.0,16.217660903930664,2025-01
Mzuzu_Central_Prison_,eywf2mgdPPI,-11.46474,34.01991,2025,1,7.0,29.11100959777832,2025-01
Mzuzu_Police_Dispensary,sJQF7WPP2Ck,-11.46211,34.02489,2025,1,172.0,29.95784568786621,2025-01
Mzuzu_University_Clinic_,rHtjCrmXd7e,-11.42175,33.99564,2025,1,31.0,28.94185447692871,2025-01
Mzuzu_Urban_Health_Centre,cQ41y2ym2RV,-11.46138,34.01518,2025,1,2031.0,35.59348678588867,2025-01
NRC,rIFUCMVM6i2,-14.02247,33.67422,2025,1,89.0,20.997896194458008,2025-01
Nainunje_Health_Centre,UlGsSjoERdc,-14.7406,35.56503,2025,1,1048.0,29.382827758789062,2025-01
Naisi_Health_Centre,ncRCRH1homB,-15.35785,35.3849,2025,1,2456.0,24.665584564208984,2025-01
Nakalanzi_Health_Centre,yRUuIksTiLm,-14.20233,34.54819,2025,1,143.0,25.671241760253906,2025-01
Nalunga_Health_Centre,jcUguNrYDmp,-13.64378,34.0567,2025,1,2936.0,9.460200309753418,2025-01
Namadidi_Dispensary,bHXisKRaXOR,-15.41079,35.24736,2025,1,2040.0,12.316463470458984,2025-01
Namadzi_Health_Centre,bthDRjgyzgo,-15.54663,35.18761,2025,1,1897.0,13.414233207702637,2025-01
Namalaka_Health_Centre,JRwvE3EiDuo,-14.12384,35.19301,2025,1,36.0,37.61402893066406,2025-01
Namandanje_Health_Centre,KEPMWjMdxDG,-14.88211,35.48324,2025,1,212.0,30.806377410888672,2025-01
Namanja_Health_Centre,XG7w56VzqMn,-14.96543,35.67994,2025,1,519.0,15.822942733764648,2025-01
Namanolo_Health_Centre,spgBSrohYPo,-15.00071,35.19004,2025,1,305.0,12.662826538085938,2025-01
Namasalima_Health_Centre_(Mulanje),asiPyqS8rHs,-16.08016,35.71573,2025,1,939.0,33.48118591308594,2025-01
Namasalima_Health_Centre_(Zomba),mR7n2aiuf2m,-15.23142,35.48876,2025,1,1050.0,37.9998893737793,2025-01
Namasoko_Dispensary,XB2kh1cvnwt,-15.739998,35.604002,2025,1,174.0,12.59479808807373,2025-01
Nambazo_Health_Centre,AyarnjnokWg,-15.55919,35.81566,2025,1,421.0,32.3943977355957,2025-01
Nambiti_II_Health_Centre,FIHIYv39yqU,-15.80293,35.76392,2025,1,19.0,20.51320457458496,2025-01
Nambuma_Health_Centre,qlkyWX9EEaw,-13.72409,33.55789,2025,1,903.0,40.096675872802734,2025-01
Nambuma_Health_Centre_(Dowa),TfVuTh2kZon,-13.6973761,33.5974333,2025,1,1412.0,16.814550399780273,2025-01
Namikango_Health_Centre,AWytIG2qdwP,-15.47723,35.24056,2025,1,133.0,22.739879608154297,2025-01
Namikoko_Health_Centre,sTjTxJqSCWE,-15.48651,35.07379,2025,1,1256.0,7.747817039489746,2025-01
Naming'omba_estate_clinic,VLJsrQrzivg,-16.04009,35.08996,2025,1,26.0,19.545793533325195,2025-01
Namitambo_Health_Centre,TArV024FtcH,-15.84113,35.27019,2025,1,320.0,65.30803680419922,2025-01
Namizana_Dispensary,OAXUYKyVuIz,-14.001925,33.246444,2025,1,1642.0,16.03386878967285,2025-01
Namphungo_Health_Centre,PxkHQqgxweP,-15.80407,35.3491,2025,1,799.0,15.443387031555176,2025-01
Namulenga_Health_Centre,uLVlUIL4rlD,-15.86563,35.32718,2025,1,106.0,22.828189849853516,2025-01
Namwera_Health_Centre,SjXKV0RvdBG,-14.3637,35.50221,2025,1,577.0,25.78644561767578,2025-01
Nancholi_Dispensary,Q90Za7zl8zB,-14.47803,35.58667,2025,1,692.0,8.969160079956055,2025-01
Nancholi_Health_Centre,gZqBeopWLoA,-15.827409,34.969353,2025,1,452.0,17.849143981933594,2025-01
Nandumbo_Health_Centre,tVpkUqyzg60,-14.85169,35.22552,2025,1,116.0,16.213298797607422,2025-01
Nangalamu_Health_Centre,xSi6MZN3hAK,-14.48148,35.67288,2025,1,1881.0,12.837607383728027,2025-01
Nankhwali_Health_Centre,oS0WaJ5v6t4,-14.1351,34.84488,2025,1,168.0,16.69523811340332,2025-01
Nankumba_Health_Centre,cnUCvDXttIv,-14.36521,34.82361,2025,1,193.0,20.636220932006836,2025-01
Naphimba_Health_Centre,akhqt6Z6B7x,-16.03628,35.67854,2025,1,1382.0,19.92190170288086,2025-01
Nasawa_Health_Centre,RicJ2qmCw3g,-15.6023,35.25956,2025,1,2305.0,22.767854690551758,2025-01
Nathenje_Health_Centre,AgYrPo8MW5I,-14.08504,33.90823,2025,1,3396.0,93.74523162841797,2025-01
Nayuchi_Health_Centre,fwctySB9ovz,-14.97585,35.86726,2025,1,412.0,18.506425857543945,2025-01
Nchalo_(Hunger)_Health_Centre,nXFq0fzH08I,-16.28642,34.83881,2025,1,44.0,0.9367629885673523,2025-01
Ndakwera_Health_Centre,EdY8ZVRq9ST,-16.22357,34.68896,2025,1,281.0,15.630651473999023,2025-01
Ndamera_Health_Centre,pSYB6OucIkn,-17.09569,35.21902,2025,1,148.0,25.40810203552246,2025-01
Ndaula_Health_Centre,Pw6JwUkqdlF,-14.1385,33.50757,2025,1,2562.0,32.903846740722656,2025-01
Ndirande_Urban_Health_Centre,M5ZUfC4v8GV,-15.7781,35.03946,2025,1,264.0,278.1024169921875,2025-01
Ndunde_Health_Centre,YxzE6eiZh7V,-15.69615,35.23355,2025,1,1120.0,19.427900314331055,2025-01
Neno_District_Hospital,Rmh4wKR794k,-15.39524,34.65349,2025,1,5272.0,19.641298294067383,2025-01
Neno_Parish_Health_Centre,I4Vox6oteWl,-15.43701,34.60843,2025,1,1501.0,10.814127922058105,2025-01
New_Statehouse_Dispensary,s0Wy1UgxpqI,-13.96051,33.85089,2025,1,1046.0,32.767738342285156,2025-01
Newa/Mpasazi_Health_Centre,XkcRltXu9tK,-12.58333,33.38174,2025,1,846.0,8.952210426330566,2025-01
Ng'onga_Health_Centre,CyLPblDfB5N,-10.93922,33.94348,2025,1,368.0,8.21570873260498,2025-01
Ngabu_Rural_Hospital,r1idesX7bX6,-16.45928,34.89253,2025,1,172.0,16.36654281616211,2025-01
Ngabu_SDA__Health_Centre_(CHAM),yJV9qRDSt9V,-16.46516,34.87901,2025,1,29.0,32.134456634521484,2025-01
Ngala_Health_Centre,tTaiG5Qrcyr,-12.36529,34.06552,2025,1,653.0,9.259336471557617,2025-01
Ngana_Health_Centre,Cas9rlkSOQn,-9.62021,33.69891,2025,1,607.0,5.834136962890625,2025-01
Ngapani_Health_Centre,VWvs8SJXcRe,-14.0296,35.33773,2025,1,102.0,3.494379997253418,2025-01
Ngodzi_Health_Centre,LTFJhIOv3VP,-14.08926,34.50896,2025,1,91.0,14.980459213256836,2025-01
Ngokwe_Health_Centre,UltcvVpNf8r,-14.70706,35.80177,2025,1,1979.0,42.78432846069336,2025-01
Ngoni_Health_Centre,U1sHpxxw4WH,-13.77509,33.64018,2025,1,3549.0,12.614962577819824,2025-01
Nguluwentowo__Health_Centre,Wh79HzFJzJh,-14.0753967,33.6188717,2025,1,688.0,8.127758026123047,2025-01
Ngwelero_Health_Centre,grLzTEcg70S,-15.66645,35.42718,2025,1,1620.0,20.989187240600586,2025-01
Njereza_Dispensary,cyoNyGB6GzX,-14.3392413,35.0317026,2025,1,144.0,5.838647842407227,2025-01
Njuyu_Health_Centre,CZXbHCpGcTW,-11.52455,33.69953,2025,1,1128.0,7.294944763183594,2025-01
Nkalo_Health_Centre,Phu68UfvSy0,-15.97065,35.30997,2025,1,294.0,32.471920013427734,2025-01
Nkasala_Health_Centre,TOHfssdeOr9,-15.32778,35.21661,2025,1,681.0,43.9870719909668,2025-01
Nkhalango_Private_Clinic,N4dbtgJAnhw,-14.01291,33.70483,2025,1,107.0,31.575040817260742,2025-01
Nkhamenya_Mission_Hospital,QcCfOxMgWJN,-12.56606,33.50098,2025,1,760.0,27.348934173583984,2025-01
Nkhata_Bay_District_Hospital,Cr4BIZYc1Ks,-11.60159,34.29872,2025,1,1805.0,37.14729690551758,2025-01
Nkhataombere_Maternity,cW0qFAm1C3P,-16.3239,35.2639,2025,1,81.0,6.466800212860107,2025-01
Nkhoma_Mission_Hospital,wPja49DJa2A,-14.04389,34.1036,2025,1,1422.0,95.16093444824219,2025-01
Nkhorongo_Health_Centre,dz2aFcg1wHo,-11.3901,33.98514,2025,1,630.0,11.054513931274414,2025-01
Nkhotakota_District_Hospital,eLLoifuK7RA,-12.92508,34.27939,2025,1,2462.0,44.156089782714844,2025-01
Nkhulambe_Health_Centre,IFWkUcZya9D,-15.85949,35.74751,2025,1,1084.0,20.997026443481445,2025-01
Nkhunga_Health_Centre,RQX6rnfUsBD,-12.48023,34.10842,2025,1,1036.0,30.360742568969727,2025-01
Nkhwazi_Health_Centre,BogAIA30ZjT,-13.923643,33.226629,2025,1,3925.0,33.35478591918945,2025-01
Nkomaula_Health_Centre,PY3CbMBy53P,-15.7211,35.36672,2025,1,929.0,19.881431579589844,2025-01
Nkope_Health_Centre,jrlOSjcDYGN,-14.19733,35.03944,2025,1,381.0,21.94005012512207,2025-01
Nkula_Health_Centre,cfzBcWqPOoy,-15.52193,34.82512,2025,1,245.0,17.213001251220703,2025-01
Nkumaniza_Health_Centre,bwhjLosc8k8,-16.47944,34.72431,2025,1,733.0,28.865650177001953,2025-01
Nsabwe_Dispensary,zUquZgXa6Rm,-16.33807,35.2003,2025,1,60.0,10.559667587280273,2025-01
Nsambe_Sda_Health_Centre,HxziIaDjatq,-15.26135,34.6135,2025,1,383.0,8.393073081970215,2025-01
Nsanama_Health_Centre,DLSIRdTyKv3,-14.99491,35.49477,2025,1,164.0,70.87293243408203,2025-01
Nsanje_District_Hospital,tVuIhivYk9N,-16.91794,35.26001,2025,1,974.0,50.140262603759766,2025-01
Nsaru_Health_Centre,lxulWQBn6fT,-13.8855,33.5043,2025,1,4256.0,50.337520599365234,2025-01
Nsipe_Health_Centre,DZq9bb4C1Jn,-14.86434,34.75233,2025,1,665.0,18.8424072265625,2025-01
Nsiyaludzu_Health_Centre,GYlTZXKcHxA,-14.93648,34.87425,2025,1,1132.0,27.85901641845703,2025-01
Ntaja_Health_Centre,Ybh0Ww4WWVx,-14.86828,35.52911,2025,1,916.0,62.38319396972656,2025-01
Ntcheu_District_Hospital,irf8hxUohn5,-14.81698,34.63823,2025,1,3638.0,38.837623596191406,2025-01
Ntchisi_District_Hospital,qXwx6gQyNBv,-13.36345,33.91061,2025,1,4945.0,57.025169372558594,2025-01
Nthalire_Health_Centre,I6ZujG9AVcl,-10.34894,33.64394,2025,1,2361.0,19.216890335083008,2025-01
Nthenje_Health_Centre,mEYFrYZrHrN,-10.91788,33.98786,2025,1,44.0,7.269018173217773,2025-01
Nthondo_Health_Centre_(Lilongwe),yzgU0YKoHnq,-14.03153,33.44849,2025,1,2940.0,16.086820602416992,2025-01
Nthondo_Health_Centre_(Ntchisi),xQBYdqlCMvU,-13.24723,34.00699,2025,1,3729.0,15.975985527038574,2025-01
Nthorowa_Health_Centre,VSHsslABmXE,-14.99492,35.57325,2025,1,334.0,19.85768699645996,2025-01
Nthungwa_Health_Centre,qXonH3FiBYn,-11.66014,33.80046,2025,1,264.0,8.886473655700684,2025-01
Ntonda_Dispensary,mFPyswjy5p7,-13.2512161,34.3015278,2025,1,72.0,0.003129000077024102,2025-01
Nyambi_Health_Centre,ZD6zoYO03cf,-14.68999,35.57257,2025,1,1256.0,39.536865234375,2025-01
Nyamithuthu_Health_Centre,zCPRlak2MqT,-16.68213,35.19821,2025,1,284.0,20.597387313842773,2025-01
Nyanja_Health_Centre,BoFpWeZOB2l,-14.101975,33.98075,2025,1,1045.0,1.0,2025-01
Nyungwe_Health_Centre,xr2MuALneJH,-10.28546,34.10851,2025,1,349.0,17.940509796142578,2025-01
Nzama_Health_Centre,xiPaD8Vsm7n,-14.89375,34.58597,2025,1,172.0,16.97135353088379,2025-01
Ofesi_Health_Centre,bWYHqt0OcHy,-12.77939,33.54904,2025,1,1576.0,12.610671043395996,2025-01
Parachute_dispensary,Y4g17ECjSHt,-13.74314,34.58826,2025,1,78.0,32.35982894897461,2025-01
Partners_In_Hope_Clinic_Moyo_Clinic_(public),FHaAx124JwD,-14.02341,33.78783,2025,1,3.0,38.06019973754883,2025-01
Pemba_Health_Centre,owYugg6oOSe,-13.885175,34.556777,2025,1,629.0,51.585025787353516,2025-01
Pensulo_Health_Centre,xN8oZzMyC33,-15.807877,34.956973,2025,1,673.0,11.227426528930664,2025-01
Phalombe_District_Hospital,SroPcWkDbAO,-15.7170604,35.7038228,2025,1,1024.0,8.282035827636719,2025-01
Phalombe_Health_Centre,zDFhyylZv3c,-15.80677,35.64918,2025,1,402.0,34.61832046508789,2025-01
Phalombe_Mission_Holy_Family_Hospital,m03CECb09qZ,-15.82471,35.61875,2025,1,160.0,32.78575897216797,2025-01
Phalula_Health_Centre,Xp3wYJuLYue,-15.22557,34.89322,2025,1,212.0,25.70902442932129,2025-01
Phanga_Dispensary,fzNTz7Gcejn,-14.34498,34.72016,2025,1,233.0,16.771974563598633,2025-01
Phimbi_Health_Centre,OmkxKPS11ej,-15.25075,35.10716,2025,1,719.0,19.970458984375,2025-01
Phirilongwe_Health_Centre,IXMfufQaORA,-14.58847,34.89938,2025,1,728.0,13.215139389038086,2025-01
Phokera_Health_Centre,t0NplMFqDph,-16.62831,35.15663,2025,1,229.0,10.995802879333496,2025-01
Pim_Health_Centre,nCX7iqBMNwM,-15.75309,35.1923,2025,1,182.0,27.651351928710938,2025-01
Pirimiti_Health_Centre,X3O5uAX04Z9,-15.48302,35.45048,2025,1,922.0,24.335180282592773,2025-01
Police_Hospital,QwBJxR5kKa1,-15.39112,35.32685,2025,1,687.0,42.793113708496094,2025-01
Polytechnic_Clinic_,nFIyDVJHSgo,-15.80207,35.02718,2025,1,6.0,26.48463249206543,2025-01
Raiply_Dispensary,uOxLo7wYTRA,-11.91644,33.75598,2025,1,499.0,13.625852584838867,2025-01
Ruarwe_Health_Centre,kKaGzpI0IKd,-11.11377,34.23093,2025,1,63.0,15.48300552368164,2025-01
Rumphi_District_Hospital,ELlvUH7sci2,-11.01993,33.85422,2025,1,854.0,43.420082092285156,2025-01
Sadzi_Health_Centre,BuyHhYha5dP,-15.40882,35.31969,2025,1,1677.0,67.36634063720703,2025-01
Salima_District_Hospital,D4HrpFEtQRq,-13.76214,34.42199,2025,1,1047.0,18.508289337158203,2025-01
Sambakusi_Health_Centre,VQ55OUjplL7,-13.349658,33.983158,2025,1,1518.0,14.115530014038086,2025-01
Sangilo_Health_Centre,r0Elt6wypHg,-10.51609,34.21346,2025,1,121.0,8.215176582336426,2025-01
Sanjika_Clinic,H64Mae6Suyl,-15.79267,34.97288,2025,1,528.0,7.888286113739014,2025-01
Sankhulani_Health_Centre,xhQxgh1GSkX,-16.456861,35.258889,2025,1,772.0,19.042821884155273,2025-01
Santhe_Health_Centre,B1gKsva7Nw4,-13.46712,33.39378,2025,1,1673.0,35.73572540283203,2025-01
Satemwa_Clinic,S0KCNuAkdMR,-16.07641,35.07692,2025,1,222.0,16.62159538269043,2025-01
Senga_Bay_Baptist_Health_Centre,ceJLGDr1eVI,-13.73887,34.59749,2025,1,20.0,19.572721481323242,2025-01
Senzani_Health_Centre,FWZnvXYdJV6,-15.07865,34.85783,2025,1,239.0,13.40746784210205,2025-01
Sharpe_Valley_Health_Centre,Wwu7pZG2KuR,-14.61103,34.7369,2025,1,485.0,24.129043579101562,2025-01
Shifa_Private_Clinic,CMTihDdVodi,-15.78715,35.01045,2025,1,7.0,47.11312484741211,2025-01
Shukran_Health_Clinic,tiuHWFh2hKi,-13.1633149,34.3332745,2025,1,0.0,2.061234951019287,2025-01
Simayiwa_Dispensary,jtid6arDY0M,-13.78623,34.46243,2025,1,2.0,18.322021484375,2025-01
Simlemba_Health_Centre,xcRa7FraazI,-12.74081,33.6764,2025,1,4597.0,6.677200794219971,2025-01
Sinyala_Dispensary,OojoWe533hy,-14.58386,35.57626,2025,1,328.0,18.79145622253418,2025-01
Sister_Teleza_Community_Hospital,QJKJi4blhkg,-14.99902,34.82815,2025,1,221.0,22.943286895751953,2025-01
Soche_Maternity,AiR2MD63tCb,-15.85726,35.02761,2025,1,162.0,19.20417594909668,2025-01
Soche_SDA_Dispensary,nKzxabl3RpR,-15.80918,35.01977,2025,1,5.0,35.54859161376953,2025-01
Social_Islamic_Development_Clinic,blAeMN3Ug8z,-13.756147,34.5577688,2025,1,20.0,1.0,2025-01
Somba_Health_Centre,HrORTH4UNrp,-14.646869,35.538212,2025,1,287.0,26.328168869018555,2025-01
Sorgin_Health_Centre,tWHl2Y9tGSe,-16.54278,35.01159,2025,1,92.0,39.44839096069336,2025-01
South_Lunzu_Health_Centre,OJhXyqgy2Qm,-15.726956,35.05464,2025,1,346.0,58.29204177856445,2025-01
Sr_Marthas_Health_Centre,hwx0GuqLuBN,-14.38531,35.53555,2025,1,89.0,18.37363052368164,2025-01
St_Annes_Health_Centre,fA5VQVs3L2A,-10.41184,34.21188,2025,1,88.0,24.277523040771484,2025-01
St_Johns_of_God_Mental_Hospital,Q9p5l8Liv8c,-11.45571,34.01381,2025,1,1.0,37.71056365966797,2025-01
St_Josephs_Mission_Hospital_(Nguludi),jm5VShYSJ35,-15.80173,35.16825,2025,1,166.0,62.322879791259766,2025-01
St_Josephs_Mitengo_Health_Centre,plC4nwLdlbf,-16.11123,35.24591,2025,1,352.0,56.845890045166016,2025-01
St_Martins_Molere_Health_Centre,POK4qrJEUda,-16.21758,35.13552,2025,1,1294.0,28.383363723754883,2025-01
St_Mary's_Community_Hospital,iwNUT99k69Z,-14.5422193,35.1821163,2025,1,14.0,11.753284454345703,2025-01
St_Montfort_Hospital_(CHAM),a8NecI8jzqL,-16.25716,34.86831,2025,1,11.0,40.37989044189453,2025-01
St_Patricks_Health_Centre_(Rumphi),F5rBhJR8YzL,-11.02297,33.87319,2025,1,5.0,26.804540634155273,2025-01
St_Vincent_Health_Centre_(Chadzunda),q4hK217Rtbr,-15.91421,34.94984,2025,1,85.0,34.64629364013672,2025-01
St._Andrews_Community_Hospital,WEXi1SR3Ps6,-13.03263,33.67114,2025,1,478.0,26.19723892211914,2025-01
St._Annes_Mission_Hospital,pqKNCtpevif,-12.92747,34.29554,2025,1,174.0,54.75786209106445,2025-01
St._Clara_Health_Centre,cYi9ukX5eZt,-9.9776826,33.4102447,2025,1,411.0,3.379734992980957,2025-01
St._Cynthia,OTusRSmKQ88,-9.6600973,33.320541,2025,1,126.0,1.14854097366333,2025-01
St._Denis_Health_Centre,obFyUFNJPUm,-12.9953214,33.3779012,2025,1,122.0,10.460844993591309,2025-01
St._Faith_Health_Centre,TfUBwEL4ESW,-12.92886,33.7952,2025,1,466.0,5.952622890472412,2025-01
St._Gabriel_Mission_Hospital,M438IpmrFy5,-13.98418,33.35128,2025,1,277.0,62.885276794433594,2025-01
St._Johns_Mission_Hospital,DJ8gHyjgiVL,-11.45161,34.02806,2025,1,193.0,40.63317108154297,2025-01
St._Lukes_Mission_Hospital,rohhSzKgCbr,-15.20914,35.35291,2025,1,986.0,50.98003387451172,2025-01
St._Martin_Mission_Hospital,RfcuOXpbcam,-14.34759,35.29375,2025,1,99.0,19.635282516479492,2025-01
St._Peters_Mission_Hospital,rLCi8itMAng,-12.06492,34.73621,2025,1,72.0,20.276521682739258,2025-01
St._Robert_Health_Centre,eGllm1lpNxM,-15.4117893,35.4436095,2025,1,77.0,2.5540220737457275,2025-01
State_House_Dispensary,CKRqkhgVqwJ,-15.38153,35.31027,2025,1,2.0,50.2498893737793,2025-01
Sukasanje_Health_Centre,pix1qzSosTb,-15.93038,35.76603,2025,1,476.0,28.772056579589844,2025-01
Tcharo_Health_Centre,BU7rorTM59N,-10.96193,34.22225,2025,1,89.0,11.168128967285156,2025-01
Tembwe_Health_Centre,tfkK9FkHh3n,-13.901216,33.062315,2025,1,5188.0,40.3175163269043,2025-01
Tengani_Health_Centre,O4OnTZDe6YW,-16.73308,35.27015,2025,1,414.0,20.402631759643555,2025-01
Thabilo_Dispensary,xRXGSnovdM0,-10.305118,34.0632451,2025,1,33.0,2.810741901397705,2025-01
Thambani_Health_Centre,OfoB1qVuiwI,-15.72609,34.39953,2025,1,3215.0,32.277488708496094,2025-01
Thavite_Health_Centre,or37YlPVkxQ,-13.498,34.26122,2025,1,826.0,46.94190979003906,2025-01
Thekerani_Rural_Hospital,INxuyEdPFCm,-16.32104,35.20741,2025,1,1176.0,40.062522888183594,2025-01
Thembe_Health_Centre,Y06YIhXv9wY,-16.08703,35.43417,2025,1,628.0,24.768924713134766,2025-01
Therere_Health_Centre,VieZrqCiWbp,-16.36776,34.682238,2025,1,106.0,15.786334991455078,2025-01
Thomas_Health_Centre,TKKQUXqRrrr,-16.02878,34.97881,2025,1,86.0,29.064714431762695,2025-01
Thondwe_Health_Centre,WSD1egGlSlf,-15.48458,35.23696,2025,1,3726.0,29.413240432739258,2025-01
Thonje_Health_Centre,V75SGRWLZNR,-13.72624,34.23725,2025,1,777.0,15.225485801696777,2025-01
Thuchila_Health_Centre,xIfDdYzRS5G,-15.91917,35.36119,2025,1,792.0,41.093204498291016,2025-01
Thumbwe_Health_Centre,tlDXiuRLOpw,-15.76823,35.24849,2025,1,715.0,39.900421142578125,2025-01
Thunduwike_Health_Centre,O6DhPzoQAUm,-11.17665,33.57636,2025,1,212.0,7.0540080070495605,2025-01
Thunga_Health_Centre,RCNInuIslmh,-16.00096,35.06532,2025,1,52.0,13.64037036895752,2025-01
Thyolo_District_Hospital,Obpw5vLlCtg,-16.06937,35.14806,2025,1,1984.0,16.80381965637207,2025-01
Trinity_-_Fatima_Hospital,iRQXiwCxsE8,-16.41919,35.17154,2025,1,65.0,33.72065734863281,2025-01
Tsangano_Health_Centre,rLjop5TPyxt,-15.17401,34.61117,2025,1,172.0,16.956621170043945,2025-01
Tsoyo_Dispensary,NZE1wxbWvTa,-14.08098,34.16138,2025,1,799.0,24.807035446166992,2025-01
Tukombo_Health_Centre,WzvT614Stek,-12.083223,34.054283,2025,1,603.0,7.300879955291748,2025-01
Tulonkhondo_Health_Centre,UDVA59g76b9,-15.7496,34.52277,2025,1,734.0,16.449914932250977,2025-01
Ukwe_Health_Centre,Q8nVnVo1NOY,-13.82586,33.60129,2025,1,2683.0,22.402978897094727,2025-01
Ulongwe_Health_Centre,GlTM0PVLNMX,-14.86247,35.17734,2025,1,116.0,35.93272018432617,2025-01
Usisya_Health_Centre,Wh3m13Uzsn7,-11.2394,34.20941,2025,1,536.0,12.749613761901855,2025-01
Utale_1_Health_Centre,uKJ1hfxCykV,-15.17774,35.06424,2025,1,39.0,15.67551326751709,2025-01
Utale_2_Health_Centre,cPO0zV087kQ,-14.930853,35.239334,2025,1,95.0,1.9620440006256104,2025-01
Vibangalala_Dispensary,BtjLFnqUPEj,-12.23433,33.48619,2025,1,2293.0,8.984148979187012,2025-01
Vizara_Dispensary,duwtTjuHUih,-11.66656,34.26115,2025,1,489.0,12.05580997467041,2025-01
Wandikweza_Health_Centre,YWpsZDMTUed,-13.435191,33.617826,2025,1,2604.0,16.919679641723633,2025-01
Waruma_Health_Post,uBmhSlPGXCC,-15.77085,35.55093,2025,1,90.0,17.543502807617188,2025-01
Wenya_Health_Centre,M7TlHaVIPLz,-10.11286,33.56344,2025,1,884.0,7.954195976257324,2025-01
Wiliro_Health_Centre,kUmwU0N12O7,-9.89312,33.61404,2025,1,1494.0,17.244211196899414,2025-01
Wimbe_Health_Centre,bPKUlNCxhvT,-12.99126,33.68694,2025,1,1529.0,13.877631187438965,2025-01
World_Medical_Fund_,bLAoLBIwbSn,-12.91536,34.28338,2025,1,116.0,10.312911987304688,2025-01
Zalewa_Dispensary,NW5K84KJ4xp,-15.44995,34.8504,2025,1,638.0,43.659542083740234,2025-01
Zilindo_Health_Centre,P3bvgqs7mIQ,-15.3805,35.3013,2025,1,333.0,34.105098724365234,2025-01
Zingwangwa_Urban_Health_Centre,gTkYqxfVTM0,-15.8214,35.01197,2025,1,174.0,113.4292221069336,2025-01
Zoa_Health_Centre,iaUfnrbzQ9d,-16.23764,35.19992,2025,1,3007.0,22.032264709472656,2025-01
Zolozolo_Health_Centre,B9FD1zCgB3t,-11.43551,34.02417,2025,1,445.0,71.02387237548828,2025-01
Zomba_Central_Prison_Clinic,A8FCrw9vdEI,-15.39611,35.31248,2025,1,30.0,55.30758285522461,2025-01
Zunga_Health_Centre,WkVlxvzEcpC,-10.84628,34.21231,2025,1,79.0,15.831133842468262,2025-01
